Comp.1,Comp.2,Comp.3,Comp.4,Comp.5,Comp.6,Comp.7,Comp.8,Class
-1.935041288,1.274520074,-1.655666914,-1.463504522,0.425751658,-0.489945337,-1.049520528,0.047498212,0
-3.551990136,1.807096243,-1.096529275,0.136089582,-0.955012744,0.026395307,0.678533322,0.295685773,0
-3.886101295,-0.546360854,-3.591976023,-0.034863443,-0.483798954,1.157523268,-0.62186277,-1.122687892,0
-0.026392008,1.489326206,-0.061155804,0.795981994,-0.659769628,-0.732851255,-0.363580603,0.374420216,0
-1.99960666,-0.425352017,-1.099944025,1.361517947,-0.424329981,0.574517742,-0.828491689,-1.048935547,0
-0.390411388,1.900156424,-1.805854464,1.29492058,-2.354812033,-3.460132111,2.485063391,-1.433386422,0
1.074322984,-2.570331396,-3.227112564,1.961344299,-0.874823804,-0.154187101,-0.830981313,-2.003849955,0
-0.087902268,1.570521355,-3.017763169,-1.932523525,0.772555535,-0.993184511,2.118152487,0.602418193,0
-2.498094399,1.382711784,0.46844396,-0.017611933,-1.185668329,-1.120889967,-0.248796312,-0.813099846,0
1.953059922,1.759739587,-1.780696303,0.162015396,0.85018606,1.958854385,-0.854859562,0.461592256,0
1.541271236,0.238104428,-1.042921073,2.152861876,1.504629408,0.379504155,-0.800935908,0.412892341,0
0.820832989,-1.455181058,-1.682040922,1.333728576,0.19910895,-1.419447507,-0.523025778,0.598327918,0
0.972186978,0.758238038,-3.702938092,-0.103473274,0.067053963,-1.294204185,-3.08564199,0.34569234,0
-0.337572725,2.209228837,-0.500555976,1.353675099,1.517258288,-1.039332513,-0.534910393,-1.279940286,0
2.324705699,1.850979197,1.329430914,2.979567707,-0.064814572,-1.837021957,1.840499872,-1.9887554,0
2.160702806,0.887468027,-3.136332403,-0.917089322,1.766739348,-1.097566242,-1.200748706,0.818222877,0
-0.327835502,1.660967184,-1.09060505,0.580886588,0.595357445,-0.423195446,-1.920247669,0.240003754,0
4.027569245,-0.937659568,0.377729719,-0.488642236,3.01771211,-0.129325506,2.325219422,-1.442737026,0
1.273755916,0.751422812,-0.246926266,0.762914031,-0.118609015,-2.184717808,-0.542054645,0.18265069,0
0.543058897,-1.356313619,-0.530927293,1.923908005,-0.777584362,-0.543164666,1.90757949,0.226079409,0
0.717942502,2.45800968,0.097958887,0.284469174,0.19570384,-1.857994693,0.505857646,-1.356658414,0
-1.658280768,1.521919444,-1.641712009,0.336484327,1.36650537,0.197621467,-1.746102041,-1.161540166,0
1.624580539,2.495510339,-1.579410325,0.591625606,1.341218941,-0.077710608,-1.296281491,-0.491263377,0
1.273983173,2.66553595,-1.161013517,-0.86250535,3.432511084,0.588864686,-0.484987812,-0.696125777,0
4.558726177,-0.314395074,1.302280289,-0.188632585,1.621954951,-0.904101707,-0.111076935,0.260405883,0
-0.582961757,1.937574041,0.857242119,1.131772794,1.469516008,0.89103126,2.219289256,1.050779141,0
0.99359625,-0.849364022,-1.231654785,2.571417717,1.685960303,0.492116902,0.911699589,1.569865728,0
0.359813861,1.622849213,-0.359571979,2.173098852,-0.912914452,-1.264422792,2.351702224,2.009031908,0
1.133903925,0.303620993,-0.942160911,0.681107775,-0.08596014,-2.425846778,2.574414188,1.110635141,0
0.298907848,1.01283741,-0.6003063,1.996042027,0.640881859,-0.870407384,0.738521067,1.956956562,0
4.669693938,-0.454165947,-0.037450624,-1.698581022,2.168473664,-1.886867165,2.715583796,-1.285100376,0
-0.073450437,1.002103009,-1.006432558,-0.886138833,1.184023411,-1.546688449,-0.079265747,1.36998674,0
-1.89485214,3.193332306,1.615909271,-0.472837879,0.041703223,-1.390304191,-0.872854127,0.277617715,0
-1.453363057,0.487248695,-0.778028444,-0.984790226,0.305504199,-3.417796803,-1.426063831,-0.344279397,0
-0.124398673,-0.103080842,-1.860829472,-0.501405534,1.370922256,0.166395428,-0.367446855,0.656745787,0
0.326935022,1.032914985,-1.95848193,-0.714934012,1.435631433,0.366352541,0.62983921,0.09629219,0
0.848055928,0.689461922,-1.945715465,-1.219207449,0.47641945,-1.052134711,0.155966812,0.447023367,0
-0.490539733,2.86120964,-1.886926494,-0.093874427,0.424090366,-0.044364152,0.252687033,-1.404517537,0
0.418496246,2.051451647,-0.623602,1.034826547,0.307042688,-2.978076952,-1.373583764,2.096884324,0
2.166439854,-1.169195969,-0.76368323,2.812274313,1.882088964,0.898499261,2.419396747,-0.109385065,0
3.359302364,0.0497266,3.356850631,1.228686642,1.254453464,-1.209682538,-0.733416026,1.216414469,0
4.09201058,0.737401931,1.293088105,-1.010019215,2.448802128,-1.373811215,0.897263956,1.528665863,0
4.70654544,0.984237558,2.591932202,0.180296615,1.223671212,-0.910292605,1.463173564,0.380962766,0
3.344703344,1.400280015,2.002652566,-0.123484193,1.926541939,-1.128152675,1.727687759,0.748770717,0
3.26575658,1.365553502,1.227549794,0.350649765,2.813837316,-1.040615964,2.500249665,0.20980595,0
2.04781154,1.558447407,-0.035760336,0.977209259,2.582783115,-0.794969939,1.034731473,-0.269539053,0
4.464358681,-0.97561689,1.100203608,1.056192016,0.290040565,-1.779998102,1.114280289,0.455757066,0
-3.593937107,2.851393936,-0.46869322,-0.651989226,0.995252877,-0.011928509,0.274157238,0.821192212,0
-2.999539361,3.248905227,-0.250376384,-0.82744964,1.298986651,-0.067111845,1.217210186,0.361214468,0
-2.435527653,2.788312895,-0.883119535,-1.280516991,1.900962009,0.59061341,-0.353900501,-0.620856309,0
-2.00043197,3.025587385,-0.73367658,-1.23930709,1.722709709,0.071009407,1.404425169,0.61397556,0
1.266153401,-0.654102355,1.43952265,2.848923347,2.791410665,1.182772751,0.588252003,0.914264154,0
3.8066836,1.042773016,1.574850728,-1.093144527,2.260365392,-0.915293297,1.507383366,0.925055267,0
5.16488105,1.008008069,1.454908188,-0.712497779,2.412220846,-0.426738674,1.538859766,0.053685438,0
-2.070196464,2.72570337,-1.263621969,-1.672165416,1.446825487,1.083476318,0.101100213,0.268165668,0
-2.145217945,1.744383709,-0.836129327,0.950935487,1.13350328,-0.037117241,1.214666646,0.63920148,0
-2.35313623,2.180331641,-0.756736323,2.28327256,1.858479103,1.352203047,1.205872799,-0.369764049,0
4.266888156,0.94956152,1.121999895,-1.293427393,2.978513551,-1.155497916,0.73810575,1.058598527,0
3.840608701,1.804774358,1.778956382,0.091796158,3.086238898,-1.282813777,2.313674137,-0.115614279,0
1.695332081,-0.390038382,1.069885956,1.740849448,1.521196417,-1.806195667,0.059593777,1.232632886,0
-1.553045734,1.193820073,-0.214941227,0.128006082,0.414655226,0.561021278,0.065277,1.478529714,0
-3.348955837,3.376431214,1.888148474,-0.548993994,1.631960859,-2.210659504,-1.39555694,1.912230982,0
-2.931468256,0.98839917,-1.149267332,-1.675292367,0.150609298,-3.82562322,0.66049373,0.937711778,0
-1.973715343,1.897380778,-2.388945067,-1.515191055,0.947577976,0.733616883,-0.601760722,-0.054650204,0
-2.280764026,2.686020361,-0.104758964,-0.171433656,1.79060917,1.397117728,0.180223758,-1.144891832,0
-2.612204203,2.721785127,0.020262834,-0.187050892,0.533785093,0.45417915,0.758914694,-0.879279948,0
-2.590201014,3.167410184,-1.625093015,0.04361545,1.09270703,1.265256404,0.818947872,-0.011160825,0
-1.205951493,1.073532475,-2.699113572,-1.356840012,0.853523056,0.246761436,0.048188643,-0.048894349,0
-0.648477064,0.900870844,-2.261740911,-0.292662722,1.670369986,0.670893446,-0.658927721,-0.297226064,0
-1.013308911,2.527163014,-1.978015102,-0.937569476,1.924563415,1.008779803,0.950814418,-0.01449437,0
-0.466878058,0.64819854,-2.304418986,-2.416557569,1.232461269,0.730284271,0.114849181,-0.039057093,0
-2.926427215,2.570104651,-1.269329084,0.084831762,1.960253233,0.940660148,-1.203040205,-0.201440868,0
-2.412674976,3.523837637,-0.81924772,-1.869758936,0.987204818,0.872192767,0.416695916,-1.073106425,0
-2.265170936,2.48019037,-0.443055684,-1.013844167,0.783768986,0.686742114,0.444036858,1.010526908,0
-1.642747204,0.986128196,-0.762227487,1.359508774,2.815647422,-1.250694359,-1.477649797,0.383667111,0
-0.930922008,-1.725732696,-2.236466585,0.301559864,0.755359343,-1.951208244,0.754398666,0.839696597,0
-2.306911746,2.924263075,0.179353419,-0.983370644,1.940008188,0.435782675,-1.362216583,0.879581816,0
-3.27814736,2.7406711,-0.975576798,0.058613765,2.710317967,0.202459621,-1.692217604,-0.913548107,0
-2.13070667,2.679586609,-0.881240978,0.481978237,1.686693496,-0.068823305,-0.782098676,-1.154383718,0
-2.764662439,1.742849814,-2.211007914,-2.039898438,1.087166092,-0.088521288,-0.24142443,-0.668712448,0
-3.378940507,3.092394106,-0.439307771,-1.545308622,0.942317417,0.190260042,0.255558483,0.764946335,0
1.323133283,-1.857171454,-1.368969483,2.344829961,2.117932974,1.878219774,0.989118725,0.239733738,0
1.523780839,0.429141438,1.566804193,0.537149488,2.135402761,-0.886708785,0.651805067,0.856038048,0
-2.679056641,1.61730279,-0.981078502,-0.783652787,0.734905764,0.178166478,0.521067737,-1.155454311,0
-2.247960415,2.409470897,-0.691030549,-0.434311462,0.048331274,-0.363280704,1.829431866,-0.304818703,0
-2.496673274,3.237623411,-0.074858522,-0.425011009,-0.313914685,0.216750378,-0.589556343,-0.350218044,0
-3.255607699,3.288437246,-1.400712592,-0.024258098,0.796881829,-0.330431814,0.393029888,0.341961224,0
1.830612404,-0.158897574,-0.481372632,0.388900053,1.596492919,-2.491403807,-0.496690783,-0.559013489,0
-1.507787023,1.721087765,-1.129780576,0.903285732,0.785465165,-0.359277564,0.921923545,-0.370246525,0
-3.366237937,1.843692707,-1.22053287,0.010871675,-1.185688625,-0.258019931,0.706418701,-0.140263713,0
0.718890628,-0.646333067,1.165073788,1.141914527,-0.261906389,-1.861788776,-1.645124226,0.019673891,0
1.167365217,0.87471418,0.914054889,1.397642565,-0.720326391,-2.370310056,-0.952682407,-0.237022152,0
-2.02155314,3.017305644,-0.250428784,1.544459611,-0.487056884,0.663686034,1.5416474,-0.737803418,0
-2.235431765,3.051796753,0.977469842,1.735619985,-0.509601384,0.915410292,1.255065744,1.043473019,0
-3.522812349,0.982937725,-1.520615125,-0.344656999,-0.622540997,-0.716465766,1.121846107,-0.741243844,0
-2.269973805,2.968717758,0.455754227,0.379499323,0.674093082,-0.320376699,1.310920265,-0.346493067,0
-3.425405129,1.949925512,-1.47918579,0.328655544,0.122866875,-0.371339826,0.676859296,-0.362674269,0
-3.522372249,2.959694778,-0.452719773,-0.714746354,2.103118807,-0.045026198,0.22619919,-0.352006198,0
-2.072746369,1.873567649,-0.950833613,-1.199337752,0.140505525,0.258471078,0.150828202,1.29654673,0
-2.692209493,0.8756377,-2.816804983,-0.021987649,1.476000651,-0.381198967,0.487228997,-1.169144879,0
-2.402085346,1.45805551,-2.128410442,-1.374356422,0.786368026,0.311218056,-0.587338212,-0.265690471,0
-2.772264285,2.325638603,-1.620997607,-1.111026773,1.513156737,-0.160081901,-1.124397208,0.001791428,0
-2.639750593,2.391419117,-1.746920377,-0.698731913,1.469657631,0.219418142,-1.40268692,0.257583398,0
-2.18362438,1.924939472,-2.58756066,-0.855664278,1.818291602,0.641294789,1.286469511,-1.725801165,0
1.144942792,0.649969493,0.957236641,0.067242432,0.392364042,-1.097024051,-0.764180578,0.397736924,0
-1.664551355,-2.562779469,-0.625781015,1.977145855,-0.502628676,2.378787176,0.708580603,-1.397656665,0
-0.830639087,0.545128193,-1.865076596,0.019142383,0.282870164,2.337653443,0.327083241,-1.737233094,0
1.196197301,-2.252258546,-1.003743547,1.569149492,-1.149269621,-0.839128503,0.796902759,-0.632805256,0
0.987536,0.371853896,-0.093199888,0.511922375,-0.264399358,1.359685791,0.328925984,0.445043315,0
2.5714769,-0.896255095,0.488274484,0.258427944,-0.715892798,1.255003791,0.716611039,0.994744692,0
2.096665631,-0.91906219,0.147745872,1.603603693,0.997531655,2.024850749,0.116422789,0.364867649,0
0.075684651,1.071752505,-0.243449418,2.514806034,-0.743412943,0.609382899,0.553851095,0.192194643,0
2.612961012,-1.388454073,1.141316018,-0.807527406,2.083281988,3.041175234,2.832346531,-2.292236225,0
-1.408545918,-1.712027373,2.914738664,0.440906449,1.366546293,-0.349599129,-0.298059718,0.3117455,0
0.957333683,-0.232405847,2.560611645,-1.119646576,2.535140276,3.268605213,2.305589211,-0.565032502,0
-3.475436049,0.675059485,1.670233194,3.260248614,-1.862882889,2.094168725,2.779673246,-0.246718864,0
-3.786906581,-3.698371182,-1.502995205,-0.146805562,-1.812064889,0.748587422,1.481558386,-0.761924952,0
-2.656224197,0.021962585,0.933985339,3.029701516,-1.361186109,0.87657056,2.785048908,-1.684256165,0
-3.543382289,-2.396354269,-1.056749148,0.124175225,-1.461286533,-0.376808012,0.692167907,-1.078942913,0
-4.047038713,-1.642768587,1.127732461,0.776994377,-0.34234867,1.260896906,-0.073869476,1.191122707,0
-3.302747625,1.001610985,0.889772833,2.676501192,-0.837575976,1.209459224,1.431478572,0.122132295,0
-3.748959185,0.653174745,1.06812048,2.484220284,-0.974111887,1.058630099,1.662155048,0.196851349,0
-2.253023132,-0.47903695,-0.040671952,1.203655953,0.995859104,1.882924798,-0.798114105,1.420860991,0
-2.192423137,0.285881616,1.153573397,2.414871015,-0.430454381,-0.045397093,1.713486548,0.962782521,0
-3.463144886,0.710336199,2.194261114,3.446177369,-1.657241861,0.506935917,3.79931508,-0.845344178,0
-3.760410205,0.088656874,0.01714911,1.944942015,-1.707406955,0.246431743,1.581342765,-0.211627623,0
-3.482106677,-1.221547374,1.595119877,-0.266594656,-0.148058696,1.040802568,1.599529434,-2.122714361,0
1.629247388,-1.384188806,2.995253696,0.981727741,-0.618366321,1.316179563,0.268793277,0.737816162,0
0.719266414,-1.479161725,0.544278332,-0.522264256,-1.449146774,1.55091123,-0.85428471,-2.279419374,0
-1.92845324,-3.088408097,1.436305843,1.85094557,-1.445629062,2.833750146,-0.700305905,1.174193166,0
-4.515691772,-0.656098878,-0.364797495,-0.388460345,-0.937806658,0.96261741,-0.409818875,-0.991786681,0
-1.695363224,-1.454805341,3.92574877,0.283473465,2.303181586,1.739403367,-2.587354697,-0.164851006,0
-4.489426724,-1.699976464,-1.48867979,-0.837522735,-0.572136329,-0.48857749,-0.251542604,-0.053415293,0
-4.463145105,-0.53432148,-0.438198159,1.751719934,0.995240434,1.196444014,-0.706974469,-0.521246075,0
-4.549014016,-2.169238967,2.235725713,-1.36565002,-0.991520196,0.169390678,-0.359824263,1.149678745,0
0.410287802,-4.614945128,-1.490123714,0.765724382,-0.1565843,-0.470615855,-0.024715538,-1.500646905,0
-4.468185977,-1.358726186,0.092639481,0.212871983,0.146449931,0.676832202,-1.266388293,-0.279278754,0
2.018124007,-2.659421771,-0.209413821,-0.898714794,1.682257937,-1.05101498,-0.084271395,1.122054882,0
-2.98409124,-3.085601283,0.744411776,1.460872878,-0.579429035,0.431791058,-3.79700103,-0.295095831,0
4.220645236,-2.730707184,-1.588795271,0.657531609,-0.651250468,1.464678086,0.881332016,-0.569726352,0
-4.443917553,-2.901397743,4.492854935,1.68956561,1.236687764,-1.524605789,-0.772293737,1.101917798,0
-3.686624387,-2.692740609,3.696729358,0.123928968,0.355190316,-1.374678559,0.646933203,0.75185425,0
-0.744272685,-2.9160332,1.921235896,0.79900491,-0.479930071,-2.275954491,-1.305305911,1.335032586,0
0.868248818,-2.739221308,0.281209045,1.106081066,-1.159492442,-0.348268319,-0.510123235,2.038672649,0
1.399118118,-0.628160545,-1.212573684,2.706656003,-1.245728429,0.544217792,-1.882044817,1.837817606,0
-4.547524452,-2.749196722,2.762331864,-0.837531326,0.987107149,-0.062517553,-0.409077328,-0.215516871,0
-6.613770941,-1.571496293,4.931712914,-0.086950833,0.033186816,-1.977563099,0.261378605,1.913321055,0
-4.294315022,-5.514760092,3.985266397,-0.625568067,-0.843152942,-3.607987044,-0.251159867,0.47107733,0
-1.073430611,-3.280886023,2.789195339,1.345806508,0.0307061,-1.67197352,-0.979874732,1.894408459,0
-3.906422834,-1.969881815,3.558677581,1.415180067,-0.171117258,-1.55052472,-0.456120257,1.889781639,0
-0.768376641,-4.666124384,4.426016832,1.549781962,1.802302857,0.170294752,-1.027378391,0.582385406,0
0.850368159,-3.785219349,0.007735812,1.592194967,-0.756771231,2.243601137,0.753042673,3.112505088,0
-2.42497535,-2.551283756,2.527027095,0.680281375,0.197827425,0.355693417,-1.401804361,1.671207944,0
-4.288161137,-3.073244835,2.717183136,-0.549990973,-0.316066724,0.227178597,0.735143569,3.477218554,0
-5.953132171,-1.850317209,5.336980452,0.023160313,0.000642734,-1.153163415,0.785230984,2.502831637,0
0.479677226,-1.499395827,0.12541749,-0.219927729,-0.687343241,-0.121308288,-1.093462085,-0.997868556,0
-4.205272432,-3.611271953,2.917389385,0.343548549,-0.660891602,0.609798783,0.673071148,0.819668771,0
-5.028800293,-3.228604325,4.934690267,0.223541531,-1.098987924,0.310330522,-1.666459442,1.801647686,0
-4.968258549,-3.713834253,5.04129545,1.48728748,0.686511703,-1.523867445,-1.471531589,1.185250152,0
-5.003687253,-3.10602557,5.847646814,-0.567869492,0.075186384,-1.439799394,-0.194903318,1.642800474,0
-0.664647162,-3.892745788,-2.852430717,1.262688867,-0.675833914,-0.627775013,-1.281456887,-2.762440906,0
-5.414035784,-3.501747893,1.461297813,-1.924356812,-0.096651985,-0.18579292,-0.420617061,0.134229252,0
0.485177206,-4.813608578,0.039423054,1.434986185,1.44003382,-0.811327404,0.783453938,1.096263408,0
3.155091031,-3.990763076,-0.934978539,2.286775458,1.215508633,2.012969541,0.783352662,3.145836969,0
3.512376222,-1.423892856,-1.215043751,-0.314946598,0.196033161,0.051999198,-0.613282809,2.561471813,0
-2.841169399,-1.272789847,0.98792102,-2.455169261,-1.110572636,-0.625908485,0.335142495,-0.497268146,0
-3.886849849,-1.323788618,0.974115166,-2.332557846,-1.137580878,0.264110291,-0.769130823,-0.18835148,0
1.04812098,-5.890468128,-0.548065039,-0.131054734,-0.511387627,0.326245266,-2.45836609,2.16462579,0
2.196835946,-1.34057956,-0.400829293,1.240196441,-0.589025013,0.202228404,-0.543276271,0.79788711,0
-1.020634034,-6.48332404,1.077773404,0.9499647,0.97733238,-0.496310417,0.828422672,3.193277634,0
-3.539048735,-3.811223646,-0.187390659,3.674769455,3.952296967,2.627024884,-2.103304459,-0.028250561,0
2.354187459,-3.770101635,-1.117801999,1.435511826,-0.845380842,3.67850704,-0.240004012,4.876040279,0
-2.572569926,-5.23323263,0.470769602,-1.276019289,-1.167876075,-2.552359759,0.187172952,2.959563513,0
-3.739586488,-3.227967721,-0.029693636,1.517290484,1.357020137,-1.77997945,0.495558709,2.424921539,0
1.5162747,-6.685330458,1.328008596,1.015935443,1.999326231,-0.386038643,-1.096435302,3.149366179,0
-2.947314898,-5.847957375,3.563465385,2.910580296,2.795147491,-0.461203314,0.904341394,1.525308698,0
3.299427563,-5.181254229,1.009306374,1.489809366,1.145772607,1.121659712,-0.766636002,2.76385417,0
3.992356803,-4.735341067,0.522538972,1.155372068,1.586119885,1.48790895,-1.825808776,3.835414949,0
4.700415351,-5.700030686,0.307826899,0.29620231,2.672206455,0.448614377,-4.378130782,4.982285829,0
-0.361071917,-5.723478127,2.124007213,4.635610765,2.239970594,-1.297818168,-0.16396645,1.163493263,0
3.131177862,-0.813755572,-5.335540413,0.46441394,-1.947428949,-1.148140434,0.02088226,0.090755053,0
5.405824488,-3.039312583,-1.242563383,-1.54386151,1.236075426,-0.612562733,2.489378273,1.997634207,0
-3.315045117,-1.276093618,-2.914351824,0.111846545,-1.167514388,-2.220407096,-0.339353203,-0.796964245,0
-4.175580471,1.273162613,-1.07241001,-1.015269596,0.108402925,-1.855021801,-0.767046644,-1.61751554,0
0.391282654,-1.938238064,-0.962799517,-2.080335314,-0.411194896,-1.494084962,-0.176811686,-0.337874224,0
-0.185575227,-4.830180863,-1.630086056,1.316764324,1.014960637,-0.103693164,1.205899599,-0.372454962,0
-2.868582898,-0.759341611,-1.477190652,-0.854748074,-0.331588049,-1.261880846,1.23109492,-2.630022088,0
0.239173385,-1.415017604,-0.953757164,0.119199724,2.158235725,-1.23140654,-0.110755838,-1.246977598,0
2.346055001,1.756813969,-2.052206507,-0.489813155,-1.092887618,1.566712687,-0.521262476,1.145826097,0
-2.912647733,-0.715876894,-0.254654145,-2.052837078,-0.828342236,-0.24206578,0.61939468,-0.490871385,0
1.657809832,-1.874520396,-1.751326975,-0.184624027,0.702660237,-1.964934447,1.198960443,-1.129072362,0
-2.466350111,0.586751542,0.713004015,-0.845583017,-0.756937825,-0.465499934,0.221965518,-0.32787599,0
-2.027929513,-1.083144628,-0.026095308,-0.18596962,-1.126784018,0.447911616,-0.211631704,-0.203144591,0
-3.74388195,-0.157794261,-2.177124657,1.129057504,0.930139374,-2.721738829,1.255422745,-0.398095869,0
1.363154804,-0.804537306,-1.279712726,1.0690937,-0.206403125,2.764687138,-1.598723151,0.665170176,0
-3.074744264,-0.023519383,-2.295181726,0.429632811,0.156943611,-2.421558608,-0.867111571,-0.464315523,0
-5.509065201,-0.721910268,3.36884417,-1.277836766,1.328407512,-1.093695078,-1.912693185,0.10498577,0
-5.746610825,-1.956170805,2.877485925,0.417596573,1.066310044,0.503830564,0.125465056,1.150057289,0
3.742811222,-5.597500971,-1.51555219,2.839338605,-0.65274121,0.743088218,-3.38234695,2.662174412,0
3.646722309,-3.864258236,-0.182185711,3.217299542,-1.387615313,1.113834756,-0.813002155,2.221675132,0
-1.16303251,-6.266568103,2.599177691,0.365858447,2.098306887,-0.185533519,1.284679712,3.27438635,0
8.370630679,-2.087886093,-5.665766173,-1.367885832,1.061861451,-0.884144578,-1.216350346,0.245861934,0
8.163462702,-2.558660904,-7.070228635,-0.632243534,-0.988692553,-2.003284957,-0.075756555,-1.056069915,0
7.489746823,-0.034820441,-5.034698396,-0.831755895,0.065772885,0.009304412,-0.468067527,-0.026915913,0
6.032879019,-2.493449948,-5.252721778,0.361824748,0.952178871,0.351674272,-0.368972641,1.508563568,0
7.027789776,-3.339966505,-4.648060997,2.312974235,0.425520553,0.72634102,-1.381252179,0.232461505,0
7.617302387,-3.878270065,-6.476793041,-1.092587027,-0.937875282,-1.266676535,-1.21764253,0.394006032,0
7.669251507,-3.341510631,-3.081761569,3.287797367,0.04074594,1.47658465,-0.990587835,1.488589164,0
8.286741882,-2.566216094,-5.745189968,1.606277205,-1.204873754,-0.189470502,-0.663623064,-0.132621758,0
2.658825234,-0.329480323,-1.030922598,0.086643535,1.515888163,1.613181851,-0.821277556,0.954680723,0
1.872061444,-2.161502311,-2.598491934,1.551160253,-1.219741993,1.580703147,-1.036770417,2.023027322,0
9.481344086,-3.386523581,-7.355626386,2.016492443,-0.38492428,0.33741802,1.852829098,3.188904243,0
9.041275196,-1.796023738,-5.990886744,1.001947677,-0.097166262,1.036903252,-1.227321718,-0.246016735,0
3.831385777,-2.491099506,-3.177319002,-0.252679705,-0.942199418,1.769681774,-1.019504888,-2.120650252,0
5.539830204,-2.664934312,-5.022948512,-0.623803007,-1.13269343,0.671377914,-1.13804376,0.240872022,0
8.09483197,-3.03131957,-6.056928042,-1.648844347,-0.569413506,1.735576145,-0.431318031,-0.601472692,0
9.368650838,-4.067684536,-4.940527845,1.343092513,-0.264430713,0.559106869,0.173716781,4.064086912,0
-0.450409102,-2.105012507,-1.222517984,-2.057250018,-0.669612873,-0.110128349,0.228580127,-0.065581702,0
1.306420261,-5.354686381,2.178997702,2.014390623,0.565523734,-0.033053809,-0.378859469,1.67932622,0
-2.979043829,-2.951486191,0.610806007,-1.952382103,-0.689546459,0.429004369,0.745123597,2.361179189,0
-5.349945135,-3.867770776,1.9298316,-1.459803849,-0.439647287,-0.418791091,-0.026869936,0.678120972,0
-4.628624802,-3.614468729,0.690296635,-0.550797359,-0.248412104,-0.991471973,0.414302765,0.729787674,0
-2.057009417,-5.216636482,3.798937353,0.324140664,0.595224795,-1.763994869,-0.509919295,1.702269147,0
-4.529310118,-2.888476517,1.748240574,-0.357095065,-0.757758613,1.472823543,0.960858576,-0.50714828,0
-5.015706356,-2.000220732,1.427113608,0.759306057,0.167671678,0.228334988,-0.254434457,-1.726013163,0
-0.862916693,-4.894665768,1.827579767,0.855119917,0.0526479,-1.997139165,0.268929828,-0.104800035,0
-3.279814734,-2.391434464,-0.068468489,1.06949574,-0.643038948,0.96519498,-0.557568129,-1.526198289,0
-3.430650473,-3.958958367,3.550117856,-0.065484633,1.526352268,-3.130114717,0.841851488,2.041735006,0
-1.470631055,-0.460949096,0.478461861,-1.714176972,-0.04979344,-0.803247936,0.588154013,0.949737666,0
-3.578830078,-3.830805611,2.297422861,-1.45999092,0.265771872,-1.88073861,1.146963793,1.032978749,0
-3.873867366,-2.569928944,1.166746372,-3.226626905,-1.072845598,0.988016172,1.323527293,0.115185491,0
-3.582871675,-1.369734989,2.051358499,-1.43957918,-1.114185697,0.206549353,0.304271441,-1.094356121,0
0.608195022,-4.58882369,-0.358743071,0.993528289,0.655743914,-1.08519779,-1.133600431,-0.630356732,0
5.289201687,-2.115527904,-6.457891891,0.758180804,-1.377256323,-2.32649509,-0.831416983,2.381548955,0
1.780657034,0.635148303,-0.678070508,-1.086732964,-0.45932349,0.884443225,-0.575059988,2.843084342,0
0.283649358,-3.835075628,-0.739481799,0.845537806,0.427875947,-1.819686766,0.594363469,1.459194354,0
-1.928521307,-3.02352914,1.888059409,1.003184079,-0.510521019,-1.870498392,1.51244528,0.099667507,0
-1.220177035,-4.77795562,-0.975184203,1.141246239,0.676924499,-1.268662233,0.843920878,0.745224012,0
-2.798089759,-1.72559495,0.034340132,-0.976867764,0.444153635,-0.310523859,1.151225703,-0.868016052,0
-3.22586957,-2.240184297,1.765092354,-0.796051394,0.146293319,0.215005225,0.628030838,-0.020579396,0
0.150643493,-1.908226853,-1.880230269,-1.880100441,-1.606341285,-0.19753494,-0.45355511,0.664250838,0
-0.867214754,0.101930838,0.213409631,-1.272781895,-0.904304031,0.09172632,-0.062836539,2.989007885,0
-2.474921557,-2.29353275,0.266145776,-0.566428515,0.146526373,-0.399629001,2.778975655,2.31554192,0
2.630631941,-0.299894022,-1.281389846,-1.370151464,-0.325767058,-0.274547083,0.535977726,0.594654968,0
-0.191693272,-0.036048697,0.457696547,-0.968725572,-1.164323142,-2.193819988,0.100070105,1.079786621,0
5.400244894,-3.598205729,-5.451879741,-0.643780797,-2.149047624,0.36258099,0.076557472,0.705093249,0
4.327983997,-2.585567924,-4.442213596,-0.353574853,-1.857967917,0.637618665,-0.110280652,0.735668672,0
-4.843509967,-2.55741917,1.649437193,-1.210122518,-0.25718459,-0.039538819,1.156416237,0.720322643,0
0.963391591,-5.873110153,-0.435020337,1.702920324,0.04605801,-0.952417821,0.133152231,-0.283738926,0
2.159350943,-1.470896504,-1.187980097,1.388481191,-0.934933953,0.214905216,0.339817022,0.991070473,0
3.540296827,-1.839139703,-3.23804309,0.449493553,-1.457845925,-0.149548226,-2.236635947,0.929919853,0
2.374446836,-2.933614914,-2.132732786,0.651159885,0.449193497,0.912488796,-1.14756225,-0.027422893,0
-0.942984345,-0.267154025,-0.536751785,-0.852102565,0.183431743,-0.421010215,2.60509597,-0.082268048,0
2.358383326,-0.161169241,-3.067713872,-0.757290324,-1.616549046,0.549231513,-0.495952169,2.846090791,0
-4.543725823,-3.841238075,1.960652986,-1.241713123,0.482294494,-0.788492246,-0.200582285,0.560907259,0
1.60535815,-1.278663831,-1.767035867,-1.111198241,-1.756370643,-1.866031502,0.310006581,-1.896272695,0
2.346141724,-1.358659258,-2.289011661,-0.752120658,-1.942742693,-0.892002429,-0.347261011,-1.010554307,0
-4.92673632,-1.481035191,2.57372233,-0.710502581,1.505745903,-0.128880573,-1.127807578,0.62091716,0
5.947591243,-1.114548901,-4.661910178,-1.999934863,-2.745928061,-1.118293874,-1.338209682,2.579022569,0
-2.333009916,-0.788558262,-0.165375112,-0.19674466,-0.795712102,0.797782059,-1.224284787,1.324853652,0
-1.922285418,-2.251154773,2.50241853,-0.38465813,-0.116615134,0.451207399,0.401051333,0.376697445,0
-3.431613444,-1.932597002,0.801255887,-0.087198122,1.139711868,0.037478027,-0.645908817,1.75396927,0
1.534091098,-1.794588877,-1.361448501,0.481981907,-0.035660849,-1.350743583,0.038239677,1.048198875,0
-2.485693297,-1.938769045,1.443227119,-0.115239831,0.076785445,-0.448004165,0.642291721,0.345021973,0
0.306957945,-1.813716116,0.180536953,0.817827324,1.001658499,-1.150412556,0.842116995,-0.320292425,0
3.312008545,-3.302130531,-4.263587378,3.087391024,0.724318689,-0.858271458,-0.724301682,0.399051049,0
-0.062135218,-2.349142453,3.022679502,0.260982479,-0.364948724,0.879565004,2.715306062,-0.041446128,0
2.895679805,0.761485318,-2.814170663,-0.760304366,-1.405872872,0.916391157,-0.394532218,1.30104356,0
-2.310176054,-1.616395623,0.28304786,0.099114139,0.786840151,2.045916815,0.625344625,2.210667723,0
1.955052098,-1.650626888,-2.000921473,-0.972606734,0.125511654,-0.212904743,-0.945639849,2.201534786,0
-5.116173369,-1.082296994,2.47737669,-1.14728847,0.401537685,0.26197928,0.102334053,1.45937152,0
-4.930888319,-1.924929091,-0.63797021,-0.998117918,-0.932113548,-1.421886175,0.693663404,0.274807336,0
2.822429071,-2.913412035,-2.518823496,0.630643789,-0.152322757,0.161161437,-2.059942199,1.937927499,0
0.832069366,-1.2362178,-2.024746568,-0.562180433,-2.806900089,-0.81735403,-1.052329752,-1.144170774,0
1.113616346,-1.189888297,-1.979813231,-0.424985619,-1.797436263,0.67946324,-0.430242471,-0.18698044,0
-3.498498458,-5.434985303,-0.749381745,-2.416039624,0.011784152,1.40135009,-0.063428343,-1.540470519,0
-3.374609566,-3.708592926,0.867469155,-0.636634587,-0.75431954,1.547497865,1.405578739,-2.368936233,0
0.390758357,-2.83981229,-1.484520807,-0.025897195,-0.331947126,1.561018929,-1.838168366,-0.544801269,0
-3.044316552,-2.952547654,1.479831268,0.386880161,1.140738608,0.38455652,-0.139138596,1.128121279,0
-0.516936917,-2.04965831,-1.473238374,1.309920899,-1.30178004,-0.017970804,-1.194387633,0.891313911,0
-0.26295455,-3.641377673,-1.612017022,0.776002029,0.350527153,-0.570380067,0.243316759,1.668891442,0
-0.116046155,-2.976862024,-1.780596506,-0.186723149,0.121680455,0.603078822,-0.60952945,1.079815628,0
0.609382486,0.360809025,-0.515669518,-0.698371218,2.411720642,0.726979628,-1.599714815,1.076552346,0
-4.643531257,-1.375171384,1.672260678,1.374551287,1.003298256,0.998196758,-0.691371197,1.004700046,0
-5.074323512,-1.777563565,2.468826261,-0.230086059,1.50602265,-0.045921376,-0.719413593,1.155674758,0
-5.765620401,-1.815909841,2.563170008,0.066105942,0.787507683,-0.209267297,-0.25735084,1.117847731,0
-3.777681569,-2.250109338,0.143102956,-0.046467846,1.110390476,-0.524543884,-0.736957706,1.461830127,0
2.269157548,-1.182519698,-1.541288104,0.667463956,0.660316136,1.641281498,-1.542649464,-0.150104825,0
5.547986566,-5.358929646,-5.00734034,1.18783198,-0.199649181,1.094536927,0.490448647,1.556792821,0
3.844499993,-4.389892161,-4.114506296,0.210571697,-1.794933262,1.519723416,-1.307338656,-0.730764695,0
5.691408161,-1.49203773,-3.912201976,-0.654409754,1.423953647,2.507276002,-1.867233061,0.536252005,0
5.323816163,-4.068585579,-4.964998743,0.103830505,-0.46388528,1.065531757,-1.706552847,-1.504723393,0
5.639068018,-2.639741921,-3.33519602,0.197156174,1.906746185,2.612262549,-1.881465099,1.106993822,0
2.58688961,-3.548368686,-5.372203357,2.07923318,-0.435710017,2.332742624,-1.950469815,-0.856364246,0
3.232970402,-0.97343244,-1.571297805,0.920100094,-0.114170333,3.679834693,-0.188172073,0.194860861,0
2.567993813,-2.64730005,-3.085271454,0.685329374,-0.454288616,0.697403212,-1.624421737,0.86072714,0
3.85460177,-3.199451477,-4.912528586,1.139898063,-0.626811624,0.461419382,-1.393129392,-1.308268477,0
2.368118649,-3.290744265,-2.642045232,1.176339496,0.313886161,1.645287239,-1.105862044,-0.534121479,0
-0.744082376,-3.973076863,0.543755815,1.549608993,-0.159801656,-0.100292572,-1.061912061,-0.342237216,0
5.431261172,0.500793806,-2.604167495,-0.068158937,-0.076933257,1.11632528,-1.102735615,0.856676188,0
2.168635413,-0.786697202,-1.733100491,-0.151012648,0.339259142,1.286047863,-2.679203955,1.157413691,0
7.161334621,-0.446273894,-5.352056121,-0.04850963,-0.911353012,0.248368268,-1.277946776,-0.895614042,0
5.336596528,-2.775110717,-6.308982323,1.36491363,-1.075105376,-0.75482991,-0.980960124,0.217306847,0
-0.861444322,-3.597295048,1.203390861,0.780346383,2.192538001,2.50767872,-0.940682747,-0.039449693,0
0.51018719,-3.528790152,0.953768796,1.283827838,1.40374125,1.551312638,-0.798741259,-0.837458536,0
0.393266965,-3.518285269,0.771533074,0.930565403,1.406814013,1.423331574,-0.750104085,-1.016985199,0
0.056527912,-4.680482995,0.717843088,0.916789092,1.146038432,1.446005983,-1.057160365,-0.66401652,0
-0.100213548,-4.077663937,2.017601245,1.323147561,2.102331662,1.496044246,-1.059886163,-0.211627263,0
2.944003839,-4.338481465,-2.919731972,0.060337685,-0.826366355,0.896156206,-2.147086739,-0.303634832,0
5.590805321,-3.063331766,-3.790998922,0.802615019,0.357895765,1.039532912,-1.238913346,-0.348336495,0
5.215310391,-3.416088387,-3.852313887,0.627910803,-0.156995126,1.246458733,-1.427469954,0.251650143,0
4.327288734,-1.458269671,-2.562989743,0.742648421,0.700497771,1.562897085,-1.713906001,0.805648809,0
-5.158152647,-1.96909146,2.386453357,-1.39024982,-0.21994322,0.785988343,0.642534535,-0.196711844,0
-0.961929474,-4.971165166,2.121579338,0.549325518,1.394741072,0.687529737,0.519426842,0.376194655,0
-0.435811178,-4.022603082,1.391049909,1.594176108,1.365433154,1.670055117,-0.98569175,-0.430090808,0
0.454341046,-3.56226498,0.944042988,1.155092578,1.445314731,1.936100381,-0.964275193,-0.886929118,0
-0.224344057,-4.195647518,0.002167683,1.678624874,-0.061271195,1.714845329,-1.521068387,-0.753082762,0
0.573949323,-3.571295848,1.49898733,0.752098653,1.250815121,0.80277298,-1.083860933,-0.472915888,0
4.968416524,-3.337780183,-4.59134313,0.516220886,0.113634696,1.507418089,-1.007818906,0.273131776,0
4.202768536,-3.836799387,-3.797354971,1.18798982,-0.442569178,1.09728321,-0.055973827,0.142397428,0
2.477096376,-0.893051437,-2.584946098,0.744421958,1.978305899,0.921649279,1.035299492,1.818394025,0
1.309977967,-2.684138834,-1.219342037,1.198354825,1.035958312,-0.63064271,0.945290505,-2.066564529,0
0.319777744,-4.783288042,0.567655267,1.004501421,0.403534311,-0.485676548,-0.608293899,-1.14056058,0
1.040821018,-5.494938529,-0.064823046,1.094558104,1.639355937,0.118990049,1.020549782,0.96018371,0
-0.411688718,-0.817320745,-0.632567834,-1.057029518,-0.224888193,-0.732878067,0.601680687,1.28381318,0
5.057774096,1.076699642,-3.738736791,-1.133524409,-1.336333862,-0.447574837,-0.124555898,2.592063566,0
-3.411923336,-2.418099703,1.333771672,-1.236222409,1.193392675,-1.736450099,1.340554822,0.230416903,0
-3.071377157,-3.071117402,1.38609742,-0.215494761,0.85860749,-2.37865278,0.977309022,1.15714831,0
1.12226886,-3.711060385,-3.233661551,0.109890234,-1.61294662,-3.110163426,-0.210003726,0.633206736,0
-4.217930626,-2.243935992,2.649820961,-0.034693669,1.161498892,-0.294464545,-0.384391436,0.443680732,0
2.030890434,-0.387921674,-1.935931562,-1.819360947,-1.560514992,0.353578131,-0.201507029,0.709500748,0
0.078978066,-3.060802124,-0.734860619,1.749829725,0.639287397,0.842617687,-0.847580275,-0.434910769,0
0.007092846,-1.391574068,-1.068451588,1.732506654,-1.193131604,0.604051413,-1.863073763,1.585599609,0
-0.539080282,-2.612069795,0.883243955,2.158422884,-0.608717408,-0.950440836,-0.293307603,1.017681663,0
-0.225369504,-1.833331995,0.131755112,1.615895685,1.254325936,-1.97371664,0.774033058,1.86804327,0
-1.454689948,-3.573029147,2.252751028,2.320429944,0.905956432,-2.577841759,1.959136878,1.101233392,0
-2.023793908,-2.760112395,-1.142797156,1.736962415,0.462900504,-1.589063114,-0.654921045,1.687058956,0
-2.713962009,-1.787913067,2.733831738,0.216404139,-0.723539367,-2.568456812,2.13658871,0.319688792,0
-2.294291545,-3.080493967,0.760027278,3.168604857,-0.669815708,-2.276853782,0.752792322,0.933522082,0
-1.093263183,-3.9067906,2.717627483,1.688060523,1.415747356,-2.24522014,1.327297748,1.516185565,0
-0.942078577,-4.564677521,2.372904453,2.185131991,1.687254051,-2.776121303,1.224585244,0.823776229,0
-1.892065258,-4.316849007,3.258461663,1.031214232,1.644338993,-1.955744825,1.730898864,1.04594535,0
-3.760241324,-3.172308149,0.883198054,1.393677712,1.096777312,0.077409472,1.122114537,-0.969928449,0
0.178828142,-3.656561995,-2.019860381,2.693012339,-1.108703059,-0.365465232,-0.951851764,-0.618149022,0
2.690618787,-1.469670838,-3.508966833,0.920884886,-4.169021259,-2.441695734,1.600220019,2.830643721,0
-4.525341641,-1.502317148,1.769359015,0.3017642,0.014083181,0.127919017,2.122266898,-0.358165904,0
0.229283392,-4.642895397,2.444467463,0.123541653,1.19823446,-2.599744013,0.377236588,3.549395971,0
4.666442184,-2.603154764,-2.904092237,2.844992179,-0.999414577,-3.350961111,0.810497228,0.073358784,0
-5.943300309,-3.95164179,2.813022748,-0.200728651,-1.155201212,-0.324639291,1.591161328,0.584916647,0
0.593089726,-6.323046157,3.541756427,2.81817427,0.171654095,-1.508098785,-0.846582209,3.826757281,0
-1.783377053,-3.181284667,1.984891123,-0.292513636,0.19882521,-0.756370785,0.67328,2.362564771,0
-2.860021623,-1.862109535,0.684470027,-0.813218502,-1.505332459,-0.364474966,0.181556904,-2.569693406,0
-3.979268801,-1.499868589,0.906332043,-0.809454801,0.413216283,0.40234292,-0.175429157,-0.642164635,0
-2.678423031,-1.480639422,0.683121148,-0.828417557,-0.716696253,0.00956514,0.554467078,-1.382752098,0
-4.711192597,-2.198701126,0.29004021,-1.285514815,-1.274639969,1.085148599,0.969848283,-1.448054342,0
-2.388092465,-1.514398941,-0.764817085,-0.687651582,-0.97887864,-0.92743132,0.562213845,-2.517903793,0
0.346638236,-5.018258152,3.330058753,2.3061791,-0.677594523,-2.591975302,-0.271642847,0.096528896,0
-3.731593951,-3.730720437,0.827470794,-0.296253639,0.173482868,-0.051905838,0.057835548,-1.13664517,0
-3.593976293,-4.342342018,-0.166058821,-0.381241404,0.150213535,-0.641127437,0.093537385,-1.951059369,0
-0.12883261,-5.911021451,1.730522758,2.625444105,-0.431344126,-1.361599146,0.504584277,0.224345272,0
-3.460374931,-2.637409618,2.03715551,-0.015951158,0.831420583,0.4647152,0.041950023,-0.790206094,0
-3.538848332,-3.746066361,0.823618338,-1.997133858,-0.158236779,-0.18772375,0.197810563,-0.244873707,0
-2.760358513,-2.884257273,0.591587584,-0.69733457,-0.819552122,-0.125924877,-0.050686494,-0.767119158,0
-3.722312864,-2.060407391,0.426316062,0.100334912,0.773796281,0.151616466,-0.884754671,0.237578984,0
-2.244140916,-2.847761572,0.018205483,0.457113879,-0.16036191,0.612495834,0.191140372,-0.874530472,0
-4.94856971,-3.736678473,4.120020638,0.718103305,-0.170373111,-1.832272471,0.800029025,2.166186604,0
-0.211597381,-6.785837335,4.566902278,2.879921706,1.051533323,-2.038798801,1.019518656,0.605142986,0
-1.453735204,-6.580323534,4.619952099,1.907805517,0.751604576,-1.515065612,-0.6795439,1.872508557,0
-1.05991733,-5.103264256,4.691601909,2.359646843,-0.101705411,-2.076370629,-0.555935448,1.350169376,0
-4.076044163,-2.847512142,1.237083645,1.34315317,-0.004854002,0.620868186,0.040669175,0.709014709,0
-4.790252632,-2.091950921,-0.007748887,0.221126787,-0.155671078,0.007511544,-0.323055521,0.306277329,0
-3.940081129,-3.623399378,0.218804278,-1.275838886,0.253612538,-0.106055275,-0.437974749,0.952772992,0
-1.75433188,-0.984725873,-1.835990825,-0.696498152,0.862811454,0.115750135,-0.021071635,-2.311096854,0
-2.833056968,-1.842416883,-0.486160035,-3.525538247,0.437717855,-0.693533329,-0.771657083,-1.602630546,0
-3.075327426,-2.022611174,0.946208785,-0.842737558,0.052968245,1.026186832,1.693206797,-1.706814567,0
-2.598308721,-2.15362422,-0.264151033,-1.440263532,0.731369242,1.2778536,0.403748474,-0.710196333,0
-0.662554609,-3.908339473,-0.308075332,0.602452223,1.249155013,-0.352446697,-0.960850226,-0.578778516,0
0.004739427,-1.088356999,-0.635783343,1.580075285,-0.963324587,-1.720282258,0.554627946,-0.197619766,0
-2.226812696,-0.763345467,0.201789574,-0.06295506,-1.096575621,-0.35842812,0.827000362,0.134135591,0
-2.597607507,0.880625696,0.295843164,-0.368437767,-0.485935519,1.161914714,1.807865304,-1.834699487,0
0.538298333,-1.799331895,-0.343734925,0.573549258,-1.38499036,0.80039038,0.934199299,0.916958433,0
-0.027855329,0.665588534,-3.406868128,0.376552139,-1.530649274,-2.009809806,-0.014254889,-0.762226646,0
-1.260870572,-0.493473294,-4.298618619,-0.903996645,0.219815991,-0.357467302,0.116347004,-1.860533229,0
-3.1707215,0.760647045,1.142350989,0.801135736,-1.320204946,-2.453304101,0.453803488,-0.353547447,0
0.765656333,-1.519960638,-1.54697268,0.577362768,0.324913422,-0.567989777,0.039603706,-0.221293465,0
-0.107886054,0.156444124,-0.677784513,-0.292881347,-1.010828093,-0.851302185,0.822273526,-0.284696107,0
-0.03448699,-2.630654682,-1.647155308,1.379865303,1.156620907,1.338869571,0.102370977,-2.054568743,0
4.434290129,-1.426470259,-0.179773068,1.417542202,-1.854404532,-0.389153779,-0.894235283,-0.278569406,0
-3.525954832,-1.564804054,0.140231764,-0.602137823,-0.628251948,0.321317097,-0.673799929,-0.77324148,0
2.591274925,-2.070895704,-0.214533654,-0.207643672,-3.388822357,0.422143723,0.465111084,-0.38528488,0
1.319471347,1.367512247,2.409324685,0.642552683,-1.477666775,-1.29637094,-0.608543189,-0.966387859,0
1.589543859,3.916448581,4.366045796,0.369287601,2.237247277,-0.473529511,-1.427936991,-1.259558378,0
-0.671071834,2.391940184,-1.323293539,0.239847377,-1.159943795,1.977990653,-2.805873329,-0.597407998,0
0.214047316,1.739664069,1.512817507,3.64208197,-0.951807813,0.707830663,-0.955875461,2.798007665,0
0.049781952,1.101706818,-1.066513412,0.637369016,-1.606565721,1.438895966,0.30653762,-1.42363572,0
-1.141545596,2.375703995,-0.715437408,0.486184768,-2.360080381,0.811859249,-1.852602225,-0.976513832,0
1.177077346,3.510955084,2.677340077,0.46267028,0.905314394,0.968963615,-1.95721797,-0.593408397,0
0.104874112,2.439652253,1.808147031,1.147108101,-0.732945994,-0.311953101,-0.455870678,0.266857234,0
-1.059183518,1.362632801,1.703097632,-0.118798424,-2.063512858,-1.60702972,-0.408771808,-1.218417092,0
-0.61526463,1.155703643,-1.39195985,1.820280126,-1.55217535,-1.203876079,-1.297504617,-0.021936572,0
0.683699161,1.607342381,1.248373985,0.602657661,-1.013254268,-0.867869531,-0.55769232,-0.633986016,0
0.522817106,1.668115096,1.620329345,0.110787374,-1.513319114,-0.960969945,-0.378427477,-0.359350716,0
3.211941548,1.685749332,1.393121766,-0.818077736,0.327079727,-0.651000057,-1.910243616,-2.193253934,0
-2.336062652,4.064550995,1.838447127,0.202269147,-0.728604244,0.322334008,-0.265078201,-2.135144746,0
2.777671286,0.616410698,2.285322728,1.912306124,-1.610810713,-2.359781009,2.973127857,1.312474057,0
-0.394622344,3.371343657,1.86337794,0.896410923,-1.490635932,-0.354286404,-0.452353839,1.45431882,0
1.593901433,2.705925597,3.069505833,-0.647158424,1.795391785,1.309183058,-1.661723486,0.513481359,0
-1.417981095,2.897966134,0.701139936,0.46680844,-1.786652236,1.739260099,0.34343511,-0.177059967,0
0.247383953,0.166413556,-0.60440282,-0.516860324,-0.266696975,0.505242402,-0.995086246,0.556406576,0
-0.913104313,1.769643659,2.636398406,-0.465101333,-2.092821393,0.116984955,1.486244123,0.178489478,0
1.260740884,-0.057127365,-0.744877038,-0.738421337,-1.401926316,0.274200845,0.544303811,0.145165457,0
0.32705248,3.763054502,4.035860309,1.560208174,1.270335788,0.302508953,-0.666759393,-0.138873078,0
-0.530487192,0.264939917,-0.238430573,0.832570288,-0.387642856,1.054893113,1.532246581,1.06245634,0
-0.295093986,3.508293446,1.27588183,-1.201837092,-1.682012962,2.192539329,0.499881053,0.405356817,0
-0.722958993,1.401695099,1.038275806,0.023256275,-0.742970638,0.154992638,-0.540976341,0.543162824,0
0.120959026,1.801885386,0.88449964,0.833882138,-2.567970255,1.023758755,-0.713206037,-0.29158093,0
1.688543546,1.108976448,-0.104085613,-0.006558058,-1.991885218,0.687046947,-0.723137704,0.100610185,0
-0.685102336,1.798937038,2.183690389,-0.119629742,-3.121922467,0.383124058,-0.913618306,0.206209131,0
2.080735177,-0.23063602,-0.497018574,-0.009239108,-0.603918764,1.685414761,-0.884536495,0.653634284,0
2.23587397,-0.114440223,-0.88210437,0.171390859,-0.41802181,2.174979781,-0.846190262,0.142670349,0
2.206678646,-0.750687271,-0.021179046,0.567526793,-0.006638214,1.701705574,-1.027435237,1.149026976,0
0.532346843,1.474519059,1.693195587,-0.706885233,-1.737512607,0.829883954,-1.369362869,0.520552672,0
0.557910816,2.724623741,1.003203561,1.427551201,-2.800415822,1.019769193,0.146888823,2.327324004,0
1.481895538,2.912549866,2.014667575,1.474334115,0.20703301,0.571883705,1.845281094,-1.06644191,0
1.901649358,1.198248796,-0.681355723,-0.184355006,-1.066232589,1.594592798,-1.956146299,0.603843818,0
1.008772998,1.644096232,1.470369321,0.130706018,0.141359545,0.745827096,-1.218799971,0.719409167,0
0.095859168,1.812020377,1.319639667,-1.317952804,-1.296702023,1.292798485,-1.119981254,-0.021808885,0
-0.884379927,3.168072742,1.223334173,1.984763959,-2.334373862,0.665514584,0.53802522,0.444531962,0
1.005518202,0.977695347,1.997500927,1.465463035,-1.163879358,0.495951479,1.245691149,-0.142126569,0
1.331848266,2.528332573,0.595938314,1.634298384,-2.743364725,0.045024121,-0.056079362,0.189282023,0
1.220049847,2.172127165,1.192694528,1.270254959,-1.341298014,1.574962054,-0.797783591,1.170914951,0
0.895764537,2.262380227,0.363800741,1.229472195,-2.820009491,0.956968967,0.242767801,-0.57310845,0
1.718472412,1.341715029,-0.640986911,1.30985798,-0.315741393,1.668258466,-1.042056802,-0.03006757,0
1.373846881,0.991368167,-1.282610907,-0.3903006,-0.717185762,1.890116358,-1.087589266,-0.057451993,0
-0.056163258,1.406412981,1.262304085,-0.625619262,-0.805040696,1.434620172,-0.574674837,1.394868612,0
1.14976846,1.370493744,-0.573388305,0.198507211,-0.936313503,1.671805749,-1.150730213,-0.493962434,0
2.14427756,2.191319484,2.40400288,-0.174860761,0.29245026,1.426613787,-2.934305622,-0.301566974,0
0.874127966,1.248898167,2.768740494,2.224461064,0.551645863,-1.700834671,-1.814785425,-0.309696995,0
1.805891765,0.38020053,0.106028066,-0.815080064,-0.390591733,1.659331014,-0.874162705,1.27932533,0
1.655235667,1.23066868,0.244829147,1.295602694,-0.131730692,-1.931754338,0.666040833,0.750397595,0
4.011007668,2.131108442,3.096443566,0.710453295,1.9948731,-1.077157323,-0.940627696,-0.817271571,0
2.267730527,-0.468685052,0.59555163,0.831066812,0.665142756,1.983614368,-1.163970989,1.547128564,0
2.208120879,-0.617941755,-0.666359103,1.164906826,-0.232567042,2.102297538,2.637040788,1.127556106,0
2.632935294,-3.509977098,-2.764404617,0.809134429,0.524842128,0.03616143,0.645827009,0.01538737,0
0.373449298,2.605305893,3.096535468,1.57991318,-0.769034494,1.749051157,2.405726592,-0.265150039,0
2.955353312,-1.338415784,-0.070999546,-1.559790259,0.49103078,1.199020813,0.834768517,0.754849561,0
3.980449706,-0.538451478,0.541417184,0.070603855,2.001109481,-0.242303886,3.18756119,-0.298387993,0
2.094474176,-1.017502829,0.566814076,0.197615295,-0.070108988,1.707940217,1.395158517,-1.011274536,0
5.084655833,0.899066425,2.065641628,-0.758595842,2.214950256,0.65316537,1.583074824,0.619574032,0
3.730198521,0.219210191,2.477089536,-0.228456557,0.527697497,-1.369727728,-0.018643572,0.694140891,0
-1.357984311,-1.692681194,2.525425723,1.140264139,-2.166082672,0.511462212,2.71568728,-1.48227442,0
-1.079675429,-1.982091484,-0.360632831,-1.021026939,-0.276654482,2.020514717,1.975641948,-1.949846905,0
-2.852689013,-2.155813495,-2.596057629,-1.248339775,0.205029901,-0.310255916,-1.067794542,0.808511713,0
-2.433027224,-1.992064757,0.782996504,-1.225676056,0.607471135,1.112030016,-1.266310294,-1.743426783,0
0.023032761,-3.18082731,0.992690869,1.209429024,1.938900235,-0.533184925,-2.315655562,-1.016982123,0
0.517574824,-3.661498552,1.763210207,1.382438829,1.780554956,-0.024133076,-2.471682366,-1.904917589,0
0.153509936,-2.445843846,1.168111278,0.79736647,2.162312772,-0.391495867,-2.749166841,-1.202253867,0
3.288166214,-0.297631921,2.156967309,-0.344118237,1.156450207,-0.467534215,-2.327253394,0.554038657,0
-3.921901463,-2.075982904,1.255614079,0.393538481,-1.973938306,0.86930094,-0.615668774,1.732043644,0
-5.611957028,-3.185338127,2.773442003,1.98954462,-1.904819858,0.902138056,0.353167164,2.045493582,0
-5.173756412,-2.49656272,2.56297773,1.193460042,0.042637459,1.00835002,-0.276371809,2.380214856,0
-1.854342274,-1.305206946,2.953591656,-0.385689116,1.172998614,1.953383225,-1.444919469,-1.348437505,0
4.152363839,-0.659776467,-2.530756956,-0.651397007,-0.094569039,0.358184582,1.071431805,0.432455366,0
2.182194993,0.273035488,-1.641887591,0.901439311,-3.092845422,-0.249034303,-0.463442118,2.187865248,0
-1.560899079,-2.010811809,-1.41544639,0.613982963,-3.502530143,-1.854229728,1.74477418,-0.639565682,0
-2.456250363,2.606771375,-1.153526339,0.118483422,1.129014154,0.392262845,0.343764652,-1.401462068,0
-2.422172925,2.412594701,-0.906345179,-0.718154906,-0.81412603,1.138874285,0.919084252,-1.153785654,0
1.927246083,-0.604809083,-2.374786612,0.74409345,-0.395768516,0.05838871,0.095714474,-1.252648092,0
1.042082587,-1.680641897,-2.740048903,1.104276152,0.448750202,1.720046877,0.703223973,-1.308805885,0
4.646278523,-0.536221043,-4.670536842,0.983076455,1.010495393,1.188859709,-1.405857588,-2.072058757,0
3.449228703,-1.343597731,-0.98971993,1.812103455,-0.202549417,0.461012535,-0.465137999,-0.535976628,0
0.408980358,-3.674272239,-0.041683094,-0.138110065,0.301179586,1.525070441,0.214248736,0.041064199,0
4.540318047,-2.089226265,-4.414536963,0.580588673,0.165523005,0.882095385,-0.410106516,0.3020806,0
-4.410263884,-2.899510389,0.280117543,1.430368442,-1.216805285,-0.578800046,0.305563413,-0.874619125,0
-2.281429796,1.774754054,0.174327786,-0.559218777,-0.924413717,0.642881486,-0.371856415,-0.204613872,0
0.925051897,0.69487281,3.926143289,1.332882194,-1.161455662,-1.766028872,-0.752882928,-0.298255346,0
1.703811643,0.095126357,1.691214316,1.843019572,1.677594948,-1.216046674,-2.298206683,0.833367382,0
1.199394536,-1.427791731,2.245055993,0.681749869,-1.667479374,-0.447306264,-0.606892776,0.699624238,0
-3.69405618,-0.361075265,0.268873337,2.764892573,-1.942795413,0.489724536,1.726006796,-0.899756616,0
-3.549277698,-2.352457566,0.221123309,-0.338467091,-0.890320099,0.510419036,-0.539817972,-2.2537099,0
0.048140256,1.678488663,0.584225817,0.208556361,-1.312545459,-0.009999871,-0.449731198,1.617657855,0
-0.094358673,-0.781018526,0.346792617,0.891799581,-0.790927059,-0.726616015,-0.226253935,-0.511629943,0
2.466767356,-1.337089009,-1.001124299,0.574160995,0.048257011,1.127029073,-1.037369759,0.664468938,0
0.885250252,-0.43056017,-1.163664456,2.557539339,0.981447852,-0.799649151,-0.107238001,-0.044023599,0
1.338610143,0.344169109,0.30076475,2.573118107,0.563300318,0.614533843,-0.047219509,0.321634056,0
1.099233645,-0.504347299,-0.396423239,2.263645748,-0.637887148,-1.012646113,0.047283511,-0.398130201,0
1.604876298,-0.506228814,0.326156451,2.427461752,-0.118766854,-0.725748835,-0.03446082,0.728819675,0
0.467761185,-0.091205714,-0.8046288,2.749822093,-0.044123806,-1.258229029,-0.079498695,-0.815500904,0
1.115973815,-1.218887089,-1.239977532,2.368797181,-0.859749036,-0.378974278,0.18059911,-1.228073158,0
2.437091003,0.226039631,-1.76741896,-0.48514024,-0.773250243,1.062325605,0.265875686,-0.490630551,0
4.941410234,-0.137189205,0.303407118,-2.236715123,1.927583276,0.684940238,1.70165871,-0.876831924,0
-2.650574128,0.596987418,-0.304537327,0.534852065,-0.867473858,-0.49208264,0.541997267,-0.367098904,0
-2.564229432,2.712644273,-1.204205612,1.729438469,-0.922210038,-0.538603118,0.639140595,0.883194735,0
0.155808224,1.707205704,-0.805247837,0.960943701,-0.630440755,0.182448593,0.039228684,-0.29518808,0
-2.211342885,1.424545132,0.268124908,0.609938119,-0.944198674,-0.814023489,-0.173818514,-1.112193843,0
-0.76486428,1.152357393,0.168536905,-0.140011051,0.191524912,0.076165703,-1.428385934,-0.694610276,0
2.172810626,-0.251929708,-0.307834604,0.730321339,0.694339145,-1.33534283,-2.209079841,0.82357832,0
2.225928419,0.315463815,0.723586228,-0.163438309,1.783444878,-0.779175093,-0.589667862,-1.712252195,0
2.381707387,1.090706343,0.65072672,0.594265123,0.627220884,-0.853001463,-3.934093462,-0.946364563,0
6.168609464,0.003447814,-0.753664838,2.299675645,2.191346678,-1.265676499,0.05656967,1.01913076,0
0.718370936,1.066505859,-0.455290595,-1.022679841,1.217353215,-1.866997984,0.438600584,-0.927642407,0
-1.193509894,0.032233011,-1.086696709,-0.818397059,0.773285217,-0.675560208,-0.857475672,0.608494168,0
-1.141636738,-0.283261443,0.08842179,-0.130685225,-0.509335142,-1.395719121,-0.732315279,1.098293807,0
0.019914709,2.440107953,0.747367259,1.656939644,-1.192223033,-2.960735403,3.46818104,-1.266057697,0
2.421380407,-0.046902519,-0.925341426,0.109939939,0.272362043,-0.820571788,-2.10531213,-0.084707726,0
2.027606436,-0.517386884,1.014185019,0.108715099,1.194982488,-2.764897681,-1.206417886,-0.997929281,0
2.017623301,-0.023406187,0.486391032,-0.639527565,-0.936195361,0.345354267,2.076183972,-0.997334555,0
2.463825559,-0.618407811,-0.49690973,-1.339422637,-0.326844468,0.383349467,-0.630069845,0.750597159,0
3.255988533,-0.431283709,-0.376229106,-1.111390233,0.150402113,0.4188295,3.221453027,0.771397916,0
0.671664712,-0.871389833,-1.074995628,-0.590552256,-1.290306018,0.73639453,0.559024244,0.941780422,0
1.770635284,0.191732178,0.356316195,-0.102293399,-0.851057071,0.598558735,2.878996198,-0.015346651,0
1.903498688,-0.974385453,-0.065004789,-0.631756678,-0.846163109,0.52414819,0.182728824,0.429315143,0
2.427552179,-1.684793995,0.370123866,0.455987306,-0.265421268,0.984053177,0.140341021,-0.341558603,0
2.754893474,-0.925979955,0.579572325,-1.747535582,-0.187906688,-0.254965173,-0.181389943,0.75996546,0
3.432142844,0.073843782,-0.450434024,-2.302298218,-0.202123288,0.252959447,-0.505940045,-1.184189846,0
0.854913921,0.226771955,-0.875605511,-0.170593803,-0.898503438,0.067667781,-0.509375091,-0.721333495,0
2.430590035,0.606035387,-1.215864319,-0.287672933,-0.841265646,0.586819947,0.122865986,-0.358960247,0
1.642178465,-0.048377151,0.107104438,-1.724848785,-0.960182328,0.372240734,-0.198207103,0.533453424,0
1.983438271,0.053272175,-0.894083678,-0.365390063,-0.936797382,0.756937797,1.045341159,-0.280277259,0
3.559236626,0.359724356,0.242052622,-3.873822764,1.055494785,-0.851785735,-0.8087561,-0.787250356,0
2.704445874,-0.597326657,0.347589226,-2.978286269,0.113679126,0.105171721,-1.592404305,-0.054520832,0
1.560825784,-0.409060556,-0.058946392,-1.281869279,-1.181002196,0.829013877,1.557377294,0.886840679,0
2.294494998,-1.565208956,-0.844778059,-0.687923724,-0.243303362,0.609647791,-0.076888135,0.625735862,0
1.526111849,-0.236251656,0.41589119,-1.529385931,-0.592642424,-1.179104117,-0.785521343,-0.342551251,0
1.307082178,0.094387674,0.894108324,-1.010396293,-1.947425176,-0.476571972,0.446416182,-0.009182805,0
2.201413684,-0.595012417,0.435253225,-2.208083917,-0.280116229,-0.219540977,-0.898931709,0.013077718,0
3.056854461,-0.29757739,2.074691087,0.360647195,-1.055062191,-0.710851791,1.389037835,-1.160639507,0
4.108930467,0.074160605,1.014970422,-2.125724674,1.065482392,-0.123567492,-1.101650749,-2.165177507,0
3.360778365,-0.314018088,0.518658639,-2.468511021,0.535901221,0.03899448,-1.034247309,-0.734357797,0
1.653321415,0.26522308,-0.528642445,0.152440867,-1.8769093,0.506653979,-0.289452024,-1.165955773,0
2.638905354,0.135167561,0.198163049,-1.797634775,-0.924877738,0.386714093,0.372138341,0.125869426,0
1.837223917,0.113788852,0.713318353,-1.155561618,-1.136426098,-0.315299232,1.281986773,-0.805106128,0
2.292523275,-0.475267794,-0.208064338,-2.385143421,-0.639836698,0.066525904,0.235769838,1.085634506,0
0.936415291,-0.404800167,0.022396117,-1.694294555,-1.533000228,-0.214014194,0.368251278,0.740621014,0
2.732038724,-0.459973322,-0.376251707,-2.075160777,1.474662489,-0.343066167,-0.198290493,-0.729630673,0
2.347954273,-0.839358651,-0.059887007,-3.106715056,-0.022519653,-0.212486365,-1.077625426,1.517075943,0
2.160166092,-0.744096015,1.13667251,-2.293374977,-0.247094008,0.385457985,0.458349482,-0.180899135,0
1.761746811,0.38506062,0.63033948,-0.677332969,-1.464946285,-0.366486849,0.604391294,-0.281282774,0
1.780254461,-0.237014195,-0.817197792,-1.045803005,-0.932685201,0.810965678,-0.291793083,0.399595862,0
2.523433067,-0.116788222,-1.138470785,-1.36412518,-1.049242235,0.891054471,-0.304834623,0.447435127,0
1.282150889,-0.118798566,-0.147156484,-1.521105774,-0.946112119,0.76940726,0.456318743,0.169524564,0
1.897770797,0.424543328,1.128948787,-1.569725619,-1.346416822,0.091595223,0.919941273,-1.146612097,0
0.803105824,0.239598063,0.673697117,-1.088363987,-1.709514836,0.310396877,0.034103232,-0.546875937,0
2.59833052,-0.166734737,0.285183788,-1.817337591,-0.387168152,0.287942304,0.376160857,-0.548100231,0
2.686335972,-0.412602435,0.224742716,-2.633297988,-0.119251006,0.277474215,-1.352911841,0.076823537,0
2.145866123,-0.01119187,-0.032483683,-2.778384437,-0.616632767,0.250193675,-0.130724256,0.92507642,0
2.435948401,-0.497954426,0.445839979,-3.369555711,0.867771243,-0.994768923,-1.513612855,0.160938193,0
2.449677939,0.52646646,0.530467345,-1.139710494,-0.7643226,0.159446516,0.182072687,-1.282074211,0
2.027388457,0.354757139,1.242708066,-1.021770043,-1.385052568,-0.560663196,0.683596852,-0.917056029,0
2.491072665,0.378241334,-1.277183189,-0.254081502,-0.670959117,1.442141076,-0.329358408,-0.535138903,0
1.521731015,-0.080636745,0.544988172,-1.437914388,-0.878681025,0.549833815,-0.696337534,-1.009057709,0
2.987259081,-0.71448317,-0.303680378,-3.44447917,0.026066127,0.243382356,-1.029746762,1.20609435,0
2.713290027,-0.959611664,0.619964742,-2.331758123,-0.171061501,-0.384859897,0.407471645,0.404305021,0
3.436379987,-1.402817988,0.180026938,-3.902316772,1.110407979,0.209505327,-1.481055442,0.332309846,0
2.302950974,-0.379488549,0.240221143,-2.146983429,-0.410930488,0.101816812,-0.355978752,-0.260822,0
2.425858793,0.079306809,0.508512642,-1.487461874,-0.548434426,0.154027484,-0.136697816,-0.979103398,0
2.281977285,-0.967905184,0.143715143,-0.784800742,-0.910355899,-0.089304003,2.361782767,1.379052238,0
2.297266911,-0.362088169,0.221746524,-1.258250708,0.041281132,0.192083075,-1.032965211,-1.813073864,0
0.7898029,-2.098633575,-1.598530046,0.960710094,0.654614732,-0.35593339,-0.658094853,1.705320191,0
4.785980013,-0.759531812,1.423640608,1.340224562,0.939511829,-0.063491206,3.42870768,-2.384711211,0
-1.308528761,0.045055438,-1.866050623,-0.86541951,-1.601261357,-0.326242061,0.325620746,1.769900623,0
-1.609236737,0.757464496,-1.243563319,-0.792780474,-0.461595636,-0.820938352,-0.894293327,2.138691253,0
-0.18101404,0.026745778,-1.597189097,-1.243129203,-1.854791285,-0.837757437,-0.962206578,1.880729438,0
-1.103735802,-0.361840592,-1.182248588,-0.740048157,0.43669697,-0.607473132,-0.907424033,0.236293454,0
-1.871628359,1.887674814,-1.210106689,-0.671859828,-1.484811564,-1.261472736,0.105574997,1.531775273,0
0.035147064,-1.788935259,0.511547649,1.034544606,0.134528305,0.387217005,-0.818174256,-0.362862762,0
4.608694019,1.012193222,-1.755768875,0.306627133,2.098196436,-0.371327619,-0.040046683,2.044418615,0
-1.895170727,0.23042359,0.055426979,0.81173475,-0.190884456,-1.555188104,-0.264243036,-0.320985291,0
-0.429996438,-1.363360445,-0.881514093,0.054816169,-0.525213296,-0.809260091,-0.121107093,1.246491497,0
-0.268745524,0.740903801,-0.170812857,1.143190834,-2.784442458,-0.106108102,2.259285169,-0.575053753,0
2.621171573,-0.912824921,1.925788712,-0.263146999,-0.821169935,-0.679101772,-0.911926475,-0.816729631,0
2.252243447,-1.145980306,1.981683567,-0.425418498,-1.183459521,-0.768181303,-0.289653155,-1.095128282,0
2.189505725,-1.669652424,-1.190403234,0.393077528,-0.237678819,0.790427168,0.059146371,0.419315463,0
2.447776283,-1.120035892,1.456442787,-0.257559824,-0.646544115,-0.759947263,-0.985969002,-0.932112442,0
2.239762725,-0.845451409,1.660965943,0.123672166,-1.414224986,-0.361386218,-0.190220641,-1.211413047,0
0.97072753,-0.196966854,-1.024752263,0.216002709,-1.541935304,-0.307366326,1.071258677,0.261949172,0
3.806195141,-0.394799484,-0.127754586,-1.964321682,0.815021945,0.587057821,2.229261112,0.668789747,0
-0.651145006,-1.373103455,-1.727865992,0.215317837,-1.393166488,0.535139822,0.562047853,1.49068702,0
-0.339885665,-0.608157324,-0.242120174,-0.108072217,-1.117535181,-0.851304219,0.067580933,-0.250397566,0
-1.558589738,0.841684198,-0.376741097,1.629172224,-0.418349233,0.184099574,-0.393154228,2.673431454,0
-1.903293108,-0.418801849,-1.20751312,-0.491313148,-1.35532483,-0.795474983,-0.362866038,-1.245941187,0
-0.740336515,0.156682569,-0.62235656,2.035789501,-0.698514387,-0.130595637,-0.263250181,1.864156626,0
-2.07835449,1.469907821,-1.022261062,2.13856588,0.407873314,1.286904467,0.341104179,-0.311886321,0
-2.869173302,1.529053371,0.347311394,1.058430867,0.180902982,-0.233957636,-0.079215491,-1.288249185,0
-2.959860354,1.4174587,0.524742747,-0.291751981,-1.582158611,0.473739292,-0.082120777,-0.102375371,0
0.491072331,1.458786212,-3.548307708,-1.144573367,0.224369037,-1.621462723,-1.223952299,-0.411810401,0
-1.879962395,1.39718067,-0.204797771,-1.62617924,-0.681441262,-1.550684956,-0.603216971,1.185378025,0
-0.626129944,1.01332478,1.33482304,1.553402589,-1.530566155,-1.878002549,0.990547158,-0.09654027,0
0.205667576,-1.291864155,-1.209271081,1.347933772,0.720783285,1.688293725,-0.008833641,1.628716594,0
1.108114954,-0.595519569,-0.410367924,1.869030554,-0.4956186,-0.665891806,0.325980584,-0.033055985,0
0.360180902,1.399882939,0.034907695,1.66470076,-0.690606042,0.471632174,0.134136782,-0.167874383,0
1.228606113,-0.157879757,-0.08299114,2.295906704,0.211163716,1.570289015,0.618227851,0.583132149,0
2.299658104,-1.113785437,-1.545898948,2.450475114,-0.008347541,-1.151222131,0.277776716,0.599750211,0
-0.605054487,1.03394328,-1.407267012,1.867909524,-2.452899114,-1.216542251,0.153418751,0.030377859,0
-0.085366122,1.298983104,-1.879384113,0.022926441,-2.661479094,1.935358927,0.121897664,-0.1403626,0
-0.557544293,0.128734935,0.74125707,-0.602674569,-0.323929364,0.89885647,-0.145470282,1.698440151,0
1.034652583,-0.471166627,-2.591676428,0.335642924,-1.476446663,-1.137698458,-0.063941075,-1.761718461,0
2.246735719,-0.966147969,-1.202155993,-0.633055434,-1.359724467,0.35977691,0.559564447,-0.139962178,0
-1.536086297,2.665806714,0.498270279,2.314177563,-0.380589327,0.099880097,-0.154021033,-1.050239766,0
2.141123732,-0.678837763,-1.422582952,0.513378888,0.114478663,1.748821848,-0.747808105,-0.117357898,0
1.448632141,-0.575619356,-0.429732905,1.410858592,-1.019482797,0.298168028,0.276853693,0.232450575,0
1.198838884,-1.576567985,-2.729346748,-1.024588835,-0.881006034,0.222763772,1.064283758,-1.234941631,0
0.77993253,0.230248934,-0.604735746,0.740700398,-0.911112918,-0.920898563,-0.767771814,-0.972819513,0
0.212906547,0.307235316,-2.645557572,0.227584576,-0.555470993,1.170067507,-0.284320539,-0.134735937,0
1.213911451,-0.594810518,-1.239222563,2.287517227,-0.303973821,-1.338241261,0.009974233,-0.322424158,0
0.403754648,-0.101295877,-0.856688621,3.039717199,0.249123872,-1.215649508,-0.11361121,-0.716679415,0
1.13603877,-0.495736963,-1.04431745,1.906812989,-0.454213693,-1.527139297,-0.270564569,-0.071606794,0
0.655696032,-0.682456891,-1.303714417,1.735212553,0.443453831,0.522047328,-0.062307748,-0.73283991,0
1.508173358,-0.887699755,-0.878821379,1.565061799,0.632071071,-0.423193654,0.39257535,0.141391082,0
0.659023012,-0.340650579,-0.448927275,2.704254594,-0.06818622,-0.889195875,0.087697337,-0.836390789,0
1.394641745,0.046488008,0.031673543,3.025911656,-0.091508103,-0.918267204,-0.320763048,0.177557483,0
2.035889722,0.12324991,-1.329222269,0.533615696,-0.465678663,-1.396074727,-0.411313398,2.00601009,0
0.703782406,-0.554224416,0.230269191,1.217023896,-0.556222273,-0.17880968,0.670062175,-0.62178154,0
-0.569459287,-1.393731849,-1.201713313,-0.044794032,0.380752513,-0.151259962,0.554289197,1.141713226,0
-0.285877153,0.402381812,-0.136202189,1.011324982,-3.199571134,-0.396160278,1.247995701,-0.028568085,0
0.283649358,-0.682456891,-0.08299114,0.162015396,-0.116615134,0.037478027,-0.084271395,0.10498577,1
-1.492467388,1.644169388,-0.754096836,0.312182708,0.058288678,0.337275894,0.451301742,-0.93921871,1
0.283649358,-0.682456891,-0.08299114,0.162015396,-0.116615134,0.037478027,-0.084271395,0.10498577,1
0.591203724,-1.242659208,-0.281588712,-0.696835013,-0.564903558,1.153406407,1.243882884,-0.442234313,1
-2.496673274,3.237623411,-0.074858522,-0.425011009,-0.313914685,0.216750378,-0.589556343,-0.350218044,1
2.09426468,-1.016966538,0.566870898,0.197591813,-0.070220814,1.707754963,1.394797538,-1.010982396,1
0.283649358,-0.682456891,-0.08299114,0.162015396,-0.116615134,0.037478027,-0.084271395,0.10498577,1
