lon_gda94,lat_gda94,Ag,As,Au,BaO,Bi,Co,Cr2O3,Cs,Cu,La,Mo,Nb,Ni,Pb,Rb,Sb,Sc,Sn,SrO,Ta,Th,U3O8,V,W,Y,Zn,Zr
139.5631952,-29.8774305,0.75,9,19.251,1280,3.75,1.5,4,7.5,10000,115,1.5,18,1.5,35,200,3,4.6215,3.75,76,0.9106,46,6,12,6.6232,42,48,65
139.6869242,-29.9927595,0.75,9,23.8,460,3.75,1.5,4,7.5,12000,165,1.5,35,1.5,15,290,3,7.057,5,20,1.0388,74,26,15,7.447,50,24,195
139.6511212,-29.9818765,0.075,17.4425,15,526.021,1,1,5.2375,1.77,30000,64.36,4,37.5,1,150,250,1.8969,6.8215,0.75,2,0.52,36.8911,10.221,6,15,49.1589,20,37.5
139.6009022,-29.9079925,0.075,10.403,15,372.112,7,15,19.7985,1.77,7000,67.4,3,37.5,1,15,65.2,3.4758,6.4165,5,200,0.52,33.98,11.63405,25,15,51.1675,25,60
139.5689702,-29.8804805,0.075,13.104,15,304.321,0.75,2,12.8645,1.77,8000,59.185,5,37.5,1,25,120,1.0703,6.19,1,66.5,0.52,32.9365,10.3403,25,15,48.601055,20,37.5
139.6299582,-29.9038405,0.3,17.3375,15,10,4,8,4.955,1.77,40000,65.3825,0.75,6.5839,0.75,4,22.5,2.36265,8.4075,0.75,40,0.503,18.035,7.65925,0.75,15,38.8765,15,125.734
139.5887122,-29.9835325,1.2,24.72,15,300,1.195,12,22.2975,1.77,80000,57.875,5,10.9224,15,60,400,2.6854,12.8205,1,80,0.7168,18.6337,10.7293,120,15,53.818,50,184.802
139.6378552,-29.8974255,0.75,15,19.102,130,6,3.75,5,10,20000,30,5,24,3.75,45,65.2,3,5.12,6,19,1.1578,4,25,3.75,8.3653,92,20,6
139.6367762,-29.8960695,0.75,15,23.576,590,3,3.75,5,7.5,10000,100,1.5,34,3.75,7.5,410,3,7.6535,10,125,1.5152,48,10,15,9.0519,76,15,350
139.6333662,-29.9030455,0.375,3.75,34.989,210,6,35,20,1.77,10000,26,5,7.15,3.75,210,200,5,6.2985,6,28,0.5126,14.49,7,20,4.3697,21.55,50,114
139.6462282,-29.8471695,0.75,3.75,24.406,256.5,3,20,30,7.5,20000,26,5,7.15,5,25,155,4,13.208,3,150,0.5093,46,6,65,7.2095,70,150,114
139.6448112,-29.8493745,0.75,20,21.489,256.5,3,25,30,10,20000,150,1.5,7.15,5,25,200,3,13.5315,3,105,0.5274,48,5,65,7.1777,88,175,114
139.6456182,-29.8517025,0.75,15,22.475,1280,3,65,3.75,7.5,3750,20,3.75,2,3.75,30,200,3,6.288,3,68,0.2128,15,3,3.75,4.5311,25,10,110
139.6465222,-29.8545265,0.75,3.75,22.551,256.5,6,25,5,7.5,5000,80,3.75,24,3.75,25,160,6,7.725,4,92,1.1813,44,4,20,6.996,45,130,340
139.6485212,-29.8559915,0.375,10,26.538,45,8,50,75,7.5,3750,40,3.75,32,5,10,8,3,5.794,3,135,1.616,3,10,25,8.9602,72,41,380
139.6488222,-29.8590175,0.75,5,20.107,115,3,50,3.75,1.77,10000,15,5,7.15,3.75,25,370,3,5.427,3,18,0.4251,10,3,5,4.9396,14,70,8
139.6189682,-29.8394065,0.75,3.75,25.655,1300,6,25,10,7.5,10000,120,5,14,3.75,25,210,4,7.9685,3,88,1.0626,42,10,10,6.3244,32,70,220
139.6187362,-29.8442045,0.75,15,30.101,230,8,20,35,7.5,110000,30,3.75,12,15,70,2,1.5,12.9745,16,150,1.4054,3,3,70,7.4337,20,400,175
139.6195032,-29.8479215,0.75,10,20.355,500,4,30,15,7.5,5000,60,1.5,10,3.75,7.5,30,3,4.5145,3,175,0.9155,22,6,20,5.0901,32,40,140
139.6238962,-29.8558895,1,20,21.802,320,1.195,20,70,1.77,5000,26,1.5,38,3.75,30,13,3,11.534,3,66.5,1.0434,82,22,115,6.7936,70,70,114
139.6503952,-29.8676055,0.75,3.75,22.351,185,6,40,5,1.77,5000,30,1.5,25,3.75,35,26,3,5.2465,3,105,1.2409,12,4,5,6.8498,38,20,220
139.5803052,-29.8601745,0.75,5,19.15,1150,3,3.75,3.75,7.5,3750,60,5,13,3.75,40,240,3,7.648,3,78,0.9034,26,5,10,6.5275,50,40,160
139.5828192,-29.8779055,0.75,5,30.75,220,3,3.75,3.75,7.5,3750,20,3.75,5,3.75,7.5,54,3,1.9965,3,66.5,0.2833,5,3,10,3.5851,10,30,80
139.6169012,-29.8684045,0.75,2.25,21.75,230,3.75,1.5,2,7.5,8000,10,2.25,7,3,10,52,3,3.9345,3.75,66.5,0.44,3,3,6,3.7662,3,86,60
139.6141222,-29.8530085,1,9,28.225,340,5,42,78,10,38000,25,2.25,15,10.5,15,30,3,5.7435,15,290,1.131,3,3,185,6.3015,24,98,75
139.6593302,-29.8822245,1,2.25,28.325,230,3.75,3,16,10,11000,26,2.25,40,9,25,28,4,7.476,15,66.5,0.9746,74,14,48,8.0401,110,44,85
139.6630462,-29.8900765,0.75,5,27.875,500,3.75,9,24,7.5,16000,26,2.25,7.15,22,30,28,3,11.8105,3,66.5,0.482,60,18,88,7.2981,98,200,120
139.6662152,-29.8792525,1.2,6,26.283,120,3,32,19,7.5,4000,26,0.75,7.15,1,15,12,3,11.2345,3,66.5,0.6713,14.49,32,54,7.8206,100,5,114
139.6618572,-29.8884405,1,10,25.306,110,5,54,11,7.5,44200,150,0.75,42,6,18,14,6,8.1545,3,66.5,0.9132,62,20,22,6.7448,21.55,125,114
139.6695352,-29.8794035,0.8,7,24.803,300,3,28,14,7.5,750,26,1,7.15,4,8,25,3,7.3725,5,66.5,0.497,78,15,38,5.595,21.55,30,114
139.6777732,-29.8908105,0.375,15,17.279,45,5,42,10,7.5,310000,3.75,2.25,15,10.5,25,10,3,5.614,10,175,1.4872,3,3,25,6.4225,25,135,35
139.5267612,-29.8991005,0.375,6,15.954,620,3,36,3,1.77,4000,26,0.75,7.15,1,22,65.2,4,6.4905,8,38,0.5317,14.49,7,10,4.4048,21.55,150,114
139.5210962,-29.8991455,0.375,0.75,15.178,256.5,3,28,3,7.5,110000,100,2,24,0.75,9,370,3,6.531,8,46,1.2959,48,3,4,8.0515,54,19,220
139.6697642,-29.8934735,0.375,16,13.509,920,3,54,3,7.5,5000,70,0.75,16,0.75,14,230,3,7.826,4,74,1.0353,24,3,8,7.3971,35,62,195
139.6519902,-29.9013245,1,12,24.726,880,3.75,7,7,7.5,14000,26,2.25,7.15,8,60,280,3,9.8285,15,55,0.5113,14.49,7,36,6.9477,100,86,114
139.6255132,-29.9055265,1,9,20.126,320,3.75,6,6,7.5,5000,26,1.5,7.15,4,70,65.2,3,6.089,10,64,0.5165,14.49,7,22,4.8413,21.55,48,114
139.5623692,-29.9053775,0.375,10,15.633,380,4,50,3,7.5,36000,26,2,7.15,2,42,65.2,3,5.415,8,55,0.5309,14.49,7,14,4.7408,21.55,30,114
139.5626892,-29.8989645,0.375,9,20.977,170,3,40,1.5,1.77,3000,26,8,7.15,0.75,50,65.2,3,6.147,14,50,0.5647,14.49,7,7,6.2744,21.55,25,330
139.6169532,-29.8946265,0.375,3,15.623,260,3,58,4,7.5,2000,140,0.75,4,1,5,100,3,2.971,3,66.5,0.268225,3,6,10,5.292,34,28,90
139.6627112,-29.8958395,1,7,26.935,135,1.195,11,50,10,17000,26,2.25,7.15,19,40,5,3,11.5835,3,105,0.6381,14.49,24,90,5.9152,21.55,280,370
139.6708722,-29.8949825,0.375,0.75,18.96,500,3,28,6,1.77,460000,20,0.75,8,11,2.25,40,3,9.614,3,300,1.0774,3,3,115,6.1416,32,30,125
139.6270352,-29.9017795,0.75,2.25,28.131,170,3.75,42,10,10,185000,30,2.25,9,10.5,10,13,3,5.477,10,185,1.2424,3,4,25,4.9124,22,85,25
139.5573672,-29.9010275,0.75,2.25,28.091,90,3.75,34,80,7.5,170000,35,2.25,15,10.5,10,4,3,5.5125,10,210,1.3501,3,3,25,5.173,28,56,65
139.5488592,-29.8964225,0.75,2.25,31.2,160,3.75,42,10,7.5,95000,30,2.25,15,10.5,10,5,3,5.5555,15,135,1.2224,3,5,25,5.3539,24,54,90
139.5304032,-29.8950985,1,2.25,25.655,160,3.75,36,10,7.5,24000,20,2.25,15,10.5,20,1.5,3,5.9585,10,135,1.1766,3,6,25,4.9089,22,95,100
139.5350742,-29.8993195,1,2.25,21.706,170,5,24,10,7.5,4000,20,2.25,30,10.5,25,25,3,4.9715,3,135,1.0401,3,12,25,5.2423,19,100,95
139.5211812,-29.8919815,0.375,11,17.746,330,3,28,34,7.5,96000,15,0.75,6,16,5,1.5,4,6.7535,4,125,0.6282,3,3,52,4.4964,24,14,94
139.6928072,-29.9132035,0.75,2.25,20.151,580,3.75,2,1.5,7.5,10000,50,1.5,18,1.5,15,310,3,7.2055,10,12,1.042,48,10,6,7.5806,52,28,125
139.6938222,-29.9139805,0.75,2.25,18.151,390,3.75,2,3,7.5,4000,35,1.5,20,2,30,65.2,3,5.3065,15,17,1.0106,38,8,3,7.4105,66,30,115
139.6764712,-29.9156225,0.75,2.25,16.3,410,3.75,2,2,7.5,5000,45,2.25,22,4,40,330,3,6.2405,10,24,0.991,28,4,3,5.6574,22,28,95
139.6765682,-29.9169045,1,2.25,20.826,430,5,4,1.5,7.5,6000,25,1.5,20,4,40,65.2,3,5.0655,15,25,1.0312,32,12,5,6.7487,28,26,110
139.6833382,-29.9195885,0.375,2.25,20.14,330,1.195,20,50,7.5,5000,85,2.25,7.15,26,45,19,3,11.764,15,66.5,0.6327,6,7,170,8.0356,54,135,300
139.6891512,-29.9329105,0.75,2.25,33.3,75,3.75,40,10,7.5,200000,15,1.5,9,10.5,20,24,3,5.644,15,140,1.2579,4,3,25,5.6269,28,78,50
139.6817182,-29.9285685,1,2.25,27.08,50,5,40,70,7.5,105000,3.75,2.25,15,10.5,25,22,3,5.9675,10,185,1.3836,3,3,25,5.5388,24,100,35
139.6691322,-29.9176055,0.75,2.25,19.526,610,5,1.5,3,7.5,19000,35,2.25,18,4,55,320,4,6.297,10,44,0.9772,32,14,3,6.6942,28,50,110
139.6098992,-29.9380545,0.75,2.25,18.002,300,3.75,3,5,10,12000,115,2.25,15,5,30,65.2,3,6.375,5,18,0.9908,40,14,12,7.2246,110,65,125
139.6025802,-29.9390595,0.75,2.25,22.6,256.5,3.75,1.5,6,7.5,1500,20,2.25,36,5,25,65.2,3,6.1745,3,10,0.7874,84,12,35,6.6467,34,45,175
139.6549782,-29.9194835,0.75,2.25,27.955,195,5,45,10,10,120000,10,2.25,10,10.5,15,16,3,5.524,10,165,1.3305,3,3,25,5.3186,19,75,25
139.6342902,-29.9393385,0.75,2.25,24.93,105,5,26,10,7.5,19000,15,2.25,15,10.5,15,1.5,3,5.127,10,270,1.3511,3,3,25,5.4957,25,64,50
139.6076552,-29.9421905,1.6,3,28.205,670,3,50,52,7.5,22000,15,0.75,34,36,6,65.2,6,10.271,5,9,0.9992,5,7,25,7.3829,34,135,200
139.6032272,-29.9402485,0.75,5,26.126,560,3.75,4,13,7.5,14000,75,2.25,17,6,10,340,3,8.165,15,13,0.9633,34,18,16,7.101,34,54,120
139.5881232,-29.9459345,0.375,0.75,15.15,850,3,35,2,7.5,2000,100,0.75,15,0.75,8,390,3,7.242,15,22,1.2833,30,3,3,7.6099,70,34,145
139.5997422,-29.9500925,0.375,14,12.251,450,4,68,1.5,7.5,7000,70,0.75,20,0.75,17,370,3,9.762,10,40,1.4242,38,14,3,9.2994,105,105,125
139.6334732,-29.9982525,0.75,2.25,25.701,880,3.75,1.5,1.5,7.5,320000,55,2.25,7.15,2,85,290,3,7.773,3,44,0.5093,14.49,12,2,7.2927,45,105,300
139.6426302,-29.9965065,0.75,2.25,18.4,256.5,3.75,1.5,5,7.5,5000,80,2.25,34,3,45,370,3,7.0545,10,35,1.1767,14.49,8,15,7.6962,17,48,260
139.6577232,-29.9803915,1,2.25,18.101,256.5,3.75,2,3,7.5,19000,150,2.25,25,3,35,250,3,7.1405,10,115,1.3938,44,12,10,7.8369,56,45,390
139.6569782,-29.9718125,0.75,2.25,19.927,256.5,3.75,1.5,1.5,7.5,7000,180,2.25,7.15,2,80,130,3,5.281,10,55,0.5151,14.49,18,10,7.3544,38,38,380
139.6702512,-29.9611545,1,11,19.277,440,3.75,4,5,7.5,28000,26,3,7.15,1.5,75,390,3,8.8775,15,24,0.5118,14.49,7,13,8.4239,80,68,114
139.6675102,-29.9576175,0.375,6,16.432,300,3.75,4,5,7.5,7000,26,1.5,7.15,3,75,400,3,7.658,3,55,0.5096,14.49,7,13,6.286,21.55,62,114
139.6522812,-29.9673965,0.75,5,22.526,280,3.75,3,1.5,1.77,3000,26,2.25,7.15,1.5,70,65.2,4,6.9705,15,24,0.5084,14.49,7,10,4.8351,21.55,80,114
139.6525732,-29.9680585,0.375,14,18.229,360,3.75,5,4,7.5,40000,26,1.5,7.15,1.5,145,340,3,8.995,15,82,0.5102,14.49,7,15,7.934,21.55,62,114
139.6065582,-29.9821785,0.75,2.25,18.35,910,3.75,1.5,3,7.5,1500,65,2.25,22,2,25,400,3,6.969,3,24,0.9766,32,10,9,6.3511,12,45,130
139.6021942,-29.9977425,0.75,2.25,18.35,155,3.75,2,1.5,1.77,9000,35,2.25,24,1.5,35,420,3,7.046,10,22,1.2706,36,6,1.5,5.5145,11,34,115
139.5631492,-29.9527845,0.75,2.25,24.577,650,3.75,3,3,7.5,48000,20,2.25,22,1.5,15,250,3,6.873,10,12,1.0665,35,18,8,6.6752,28,35,130
139.5772982,-29.9479665,0.75,2.25,21.15,850,3.75,22,4,7.5,1500,50,2.25,25,10,15,340,3,8.339,3,11,0.9195,40,4,10,7.005,35,195,120
139.5632152,-29.9539315,0.75,32,24.58,730,3.75,54,4,10,19000,70,2.25,24,45,20,210,3,12.681,10,9,0.9437,42,18,15,7.4604,60,155,145
139.6335482,-29.9610135,0.75,2.25,21.9,1220,3.75,1.5,4,7.5,3000,75,2.25,15,1.5,15,400,4,4.968,15,34,1.1924,26,5,16,7.3914,36,55,70
139.6196812,-29.9700995,0.75,2.25,18,1080,3.75,1.5,1.5,7.5,1500,40,2.25,24,1.5,10,350,3,8.0935,3,9,0.9977,35,3,6,6.4541,8,58,140
139.6215782,-29.9716085,0.75,2.25,14.15,256.5,3.75,3,3,7.5,2000,30,2.25,22,2,20,390,3,5.9035,3,22,1.0363,34,3,11,6.7439,28,22,95
139.6408502,-29.9536725,0.75,17,19.2,960,3.75,1.5,2,7.5,3000,65,2.25,20,1.5,40,260,3,6.0135,10,44,1.1092,32,10,7,7.6204,19,54,95
139.5682482,-29.9505125,0.75,2.25,26.65,750,3.75,3,2,7.5,13000,26,2.25,40,3,30,350,3,7.0045,15,34,0.9487,76,14,1.5,7.5252,66,35,114
139.6542692,-29.9475115,0.375,11,17.81225,190,1.195,4,58,7.5,5000,26,2.25,7.15,15,45,50,3,12.7425,3,88,0.5246,14.49,22,155,5.3679,21.55,260,114
139.6428862,-29.9769105,1,4,26.226,350,1.195,22,76,7.5,2000,85,2.25,30,12,30,15,3,5.7345,15,175,1.2501,4,8,25,7.8963,58,150,60
139.6868982,-29.9403415,0.75,10,27.225,630,5,3,3,7.5,19000,60,4,38,4,50,310,3,8.976,15,72,1.2648,65,12,9,8.3973,98,130,360
139.6753432,-29.9616125,0.75,7,19.401,280,3.75,3,1.5,7.5,13000,160,2,26,1.5,20,52,3,5.161,10,48,1.2412,14.49,25,19,6.7006,32,24,230
139.7057512,-29.9462495,0.75,2.25,19.032,270,3.75,1.5,9,7.5,7000,185,1.5,28,1.5,30,360,3,5.2575,3.75,35,1.2353,14.49,7,4,7.4515,44,8,105
139.6906902,-29.9561265,0.75,2.25,17.076,230,3.75,2,1.5,7.5,7000,185,5,20,1.5,15,360,3,5.9665,5,22,1.2027,14.49,22,4,8.1123,85,32,55
139.6889552,-29.9454605,0.75,9,19.231,340,5,34,30,7.5,7000,45,1.5,22,6,25,70,3,4.5525,3,58,0.9853,4,3,25,6.5386,64,330,95
139.6664352,-29.9931495,0.75,6,20,240,3.75,3,10,7.5,3000,26,1.5,40,3,30,65.2,3,5.8945,3.75,12,0.6131,14.49,7,15,8.6681,64,20,80
139.6818122,-29.9975725,0.75,11,22.475,410,3.75,1.5,3,7.5,24000,115,1.5,38,1.5,10,300,4,7.132,5,16,1.013,78,20,13,7.4704,40,20,220
139.6754092,-29.9942235,0.375,9,18.2585,610,1.195,28,40,7.5,13000,85,1.5,19,5,5,125,3,5.9895,3.75,150,0.8894,16,4,25,5.4816,48,76,185
139.6873382,-29.9912845,1,8,21.895,280,3.75,30,38,7.5,7000,80,1.5,22,4,3.75,115,3,5.4605,3.75,150,0.9815,15,4,25,5.811,54,38,180
139.6676892,-29.9978275,1,4,24.4,65,3.75,1.5,7,7.5,3000,125,1.5,38,4,10,115,3,4.524,3.75,34,0.997,75,18,14,6.2532,12,13,250
139.6785382,-29.9958705,0.75,3,30.475,105,3.75,5,14,7.5,3000,95,1.5,38,3,5,220,3,6.3985,15,10,0.8638,78,22,24,7.4039,13,12,290
139.6907602,-29.9903435,0.75,19,17.075,420,3.75,3,3,7.5,10000,95,1.5,40,2,30,380,3,7.9545,10,35,1.0838,80,18,19,8.4576,96,52,310
139.7070212,-29.9833935,0.75,2.25,20.1,175,3.75,3,3,7.5,5000,155,1.5,36,6,30,65.2,3,4.72,10,28,1.1026,14.49,7,8,7.731,74,12,160
139.7062452,-29.9824925,0.75,4,10,290,3.75,1.5,3,7.5,8000,155,1.5,24,1.5,20,370,3,8.667,3.75,24,0.9885,14.49,20,11,8.6642,62,24,145
139.6644882,-29.9713835,0.75,2.25,16.8,360,3.75,1.5,1.5,7.5,3000,115,1.5,24,1.5,30,400,3,7.216,10,32,1.0956,14.49,8,6,7.3158,42,100,175
139.7056292,-29.9700515,0.75,5,26.525,700,3.75,5,1.5,7.5,16000,160,1.5,13,4,35,340,3,7.245,10,60,1.0943,14.49,30,11,5.8405,32,15,145
139.6463512,-29.9744105,0.75,14,14.326,450,3.75,3,1.5,7.5,3000,26,1.5,7.15,4,60,300,3,8.9065,10,17,0.508,14.49,7,11,7.8934,78,85,390
139.6402392,-29.9544235,0.75,9,17.7,900,3.75,1.5,3,7.5,6000,55,1.5,19,1.5,30,310,3,6.3015,3.75,24,0.9939,40,10,9,5.4127,12,40,95
139.6259522,-29.9971455,0.75,4,16.375,1060,3.75,1.5,2,7.5,2000,75,1.5,16,1.5,30,230,3,4.9695,3.75,32,0.9262,44,5,6,5.886,22,35,65
139.6286612,-29.9561805,0.75,2.25,10,1220,3.75,1.5,3,7.5,1500,110,1.5,10,1.5,35,220,3,4.62,3.75,48,0.7682,46,6,8,6.0631,19,28,75
139.6518052,-29.9658305,0.375,9,10,300,5,1.5,1.5,7.5,7000,26,1.5,7.15,1.5,90,65.2,4,10.0285,10,40,0.4949,14.49,7,6,6.8118,21.55,64,400
139.6755082,-29.9945225,0.75,8,28.25,670,3.75,35,34,7.5,12000,55,2,20,7,15,110,4,6.9425,15,140,1.0882,18,5,25,6.3152,52,80,210
139.7066302,-29.9839305,0.375,14.5733,20,181.824,0.075,3.75,17,2.8595,17000,37,7.5,33.1061,7.5,37.5,119.4578,0.927225,13.275,3.01,80.772002,0.6717,39,25.9,45.964,3.89,42.5678,31,164.922
139.6903622,-29.9835905,0.79,10.2647,15,284.073,1.67,3.75,7.5,2.338,8000,79,7.5,23.4785,7.5,124,167.5136,5.344,13.4815,14.2,83.892102,0.7336,88,6.07,18.7585,2.25,41.981,49,181.395
139.6687112,-29.9789945,0.75,22,15,190.12,1.4489,20,24.96,3.3922,44200,63.72,1.5,30.2353,16.1375,12,69.9541,3.1877,9.6385,3,49.58291,0.571,50,7,50,2.25,45.4978,95,178.898
139.6723012,-29.9778865,0.75,4,37.5,164.864,1.4637,3,8.3235,2.0115,110000,43.76,1.5,10.1808,5.4075,16,84.762,2.9582,8.6855,3,46.85971,0.517,14.49,7,20,2.25,25.7742,40,122.486
139.6487992,-29.9801615,0.75,9,37.5,195.241,1.3912,12,17.64,2.923,170000,25.103,1.5,9.5303,20.4525,16,74.39831,3.392,9.034,10,56.88151,0.6591,12,8,70,2.25,27.0417,16,113.934
139.6539342,-29.9733485,0.75,5,37.5,187.223,1.1758,12,23.9675,3.9304,34000,43.52,3,12.518,23.265,32,90.9782,2.870125,12.082,6,75.9636,0.5274,14.49,7,90,2.25,24.0756,75,161.425
139.6716372,-29.9776065,0.75,4,37.5,141.141,1.6116,12,5.4275,2.1445,44200,86.545,8,29.7076,8.515,4,94.8711,4.0327,13.7155,3,81.9712,0.555,50,24,10,2.25,44.1591,65,194.067
139.7073842,-29.9926495,0.2,3,8.36,30,0.1,1,20,0.1,16000,4,4,11.2773,9,45.5,2.5,1,3.75,7.5,10,1.5,1.5,2.5,15,2.25,5,50,11.507
139.7082262,-29.9925035,0.1,1,5.337,485,0.1,14,15,1.7,13000,23,1.5,10.6432,6,13.5,50,0.375,3.75,7.5,66.5,1.5,9.5,6.5,20,16,36,24,76.272
139.7077352,-29.9927695,0.075,1.5,7.725,70,0.1,0.6,15,0.3,5000,3,1.5,12.4013,2,17.5,5.5,1,3.75,7.5,25,1.5,1,8.5,15,2.25,3,33,13.503
139.7054622,-29.9941165,0.375,0.5,2.5,106,1.22665,2.26,10,0.5,3000,108,1.275,39.1,4,7.9,45,0.59,9.7,7.9785,20.5,0.52,65.4,25.7,24,1,113.9,9,429.1
139.7042242,-29.9936525,0.375,15.7,2.5,487,0.8842,3.11,10,1.42,5000,124,1.7135,43.2,4,28.5,277.6,0.1,9.8,7.5885,34,0.52,66.1,25.6,24,1,107.9,56,114
139.7040022,-29.9948235,0.375,1.4,2.5,48,0.594575,3.98,10,0.5,4000,64,1.437,39.9,6,6.6,38.1,0.64,9.1,7.6333,34.1,0.52,73,16,20,5.01,21.55,9,418.6
139.6989262,-29.9945025,0.375,10.7,2.5,460,0.84685,2.77,7.4,2.69,10000,116,1.1745,38.7,4,15.8,267.3,0.47,9,7.224,30,0.52,70.7,7,19,2.25,113.5,24,114
139.6965432,-29.9943895,0.375,0.5,2.5,819,0.279725,10.45,8.2,1.41,4000,129,1.406,40.6,3,14.1,231.5,0.1,7.5,6.647,35.2,0.52,72.9,21.5,19,2.25,21.55,13,114
139.6950772,-29.9955475,0.375,0.5,2.5,113,0.996075,10.45,8.1,2.13,3000,119,1.28925,38.6,4,7.6,210.3,1.19,8.5,9.0575,16.4,0.52,74.1,22.5,20,2.25,21.55,9,429.9
139.6954802,-29.9964535,0.375,0.5,2.5,128,0.7284,10.45,5.9,1.13,3000,110,1.2925,36.6,2,6.2,153,0.56,9.5,8.0095,18.7,0.52,65.2,29.1,18,2.25,21.55,12,423.1
139.6970342,-29.9964695,0.375,0.5,2.5,923,0.60715,10.45,7.1,2.91,3000,162,2.20625,7.15,3,24.4,238.1,0.72,13.6,6.8548,77.6,0.52,14.49,21.3,39,2.25,21.55,13,114
139.6965082,-29.9970955,0.375,0.5,2.5,77,0.51495,43.1,7.3,1.5,3000,124,1.302,39.4,3,6,72.5,0.94,9.4,7.6985,24.9,0.52,73.1,15.1,20,2.25,21.55,10,114
139.6951592,-29.9971725,0.375,0.5,2.5,31,1.2292,10.45,7.2,0.5,2000,109,1.6045,39,2,7,14.7,0.1,9.3,8.3688,41.5,0.52,74.8,17.3,16,2.25,112.6,7,426.6
139.6943252,-29.9975255,0.375,1.48,2.5,228,1.165875,10.45,6.6,1.63,5000,75,1.46325,38.6,2,12.1,194.6,0.77,8.5,7.7768,24.5,0.52,68.4,27.9,18,2.25,111.6,15,406.8
139.6988392,-29.9833425,0.375,3,3.53425,256.5,0.1,0.6,15,1.8,11000,100,1.5,20,1.5,21,65.2,1,5,7.5,50,3,14.49,13.5,15,2.25,65,140,285
139.6977182,-29.9866615,0.7,2.5,26.79575,256.5,0.4,9,10,0.2,49000,80,1.5,10,30,6,95,1.5,10,10,260,1.5,15,11,75,2.25,27,55,170
139.6830772,-29.9902155,0.7,43,25.23,256.5,0.6,1,30,1.6,20000,47,5,7.5,3,4.5,185,0.5,5,7.5,145,1.5,16,4.5,55,2.25,11,43.5,155
139.6979332,-29.9868535,0.375,0.8,4.253,1185,0.2,3,20,0.12,24000,104,2,7.15,7,15,158,0.2,22,4,136.5,0.52,61.2,17.2,47,2,87.7,18,114
139.5681962,-29.9509295,0.375,3,2.5065,694,0.44,1,10,1.31,4000,151.5,2,45.2,0.75,13,362,0.32,6,8,49.5,0.52,72.7,10.75,11,4,21.55,30,114
139.6250432,-29.8776055,0.375,0.2,6.24825,472,0.02,3,10,2.14,1000,10.9,0.75,5.6,0.75,6,92.4,0.0375,2,3,66.5,0.4,3.45,0.74,18,0.75,8,28,103
139.6099576,-29.9491656,0.075,34,7.5,1044,1.21,3.2,2,3.65,750,94.835,0.6,21.23,2,33,348.99,0.46,7,3.8,65.81,0.52,43.99,17.14,7,2.7,55.63,33,117.2
139.6020932,-29.9476838,0.2,6,7.5,1013.2,0.64,2.3,4,1.98,750,79.885,5.1,29.86,3,8,292.64,0.75,12,10.4,9.69,0.52,44.33,9.91,25,5.5,36.49,44,143.1
139.6085311,-29.9422207,0.075,3,7.5,1259.6,0.18,1.5,4,1.84,155000,98.795,0.2,28.94,2,23,332.49,0.47,10,7.7,89.05,0.52,39.79,7,10,8.9,80.85,13,157.2
139.6084004,-29.9419395,0.3,24,7.5,199.5,0.68,10.45,33,7.12,103000,49.5405,2.9,9.71,21,12,238.7,0.23,5.6,2.8,10.51,0.53,3.58,7,25,2.7,35.98,235,174
139.6068811,-29.9416708,0.075,5,7.5,1102,0.29,4.8,3.75,3.62,16000,87.982,2.6,25.03,1,26,368.53,0.48,10,5.5,27.92,0.52,42.76,7,16,7.9,56.01,22,155.2
139.6058858,-29.9409746,0.4,15,15,1001.5,1.195,40.7,6,2.6,44200,24.549,1.2,8.33,13,15,61.49,1.94,8,9.8,29.93,1.23,3.69,7,175,7.4,10.45,62,45.2
139.6153099,-29.9285495,0.075,1.5,7.5,443.2,0.01,0.8,3.75,0.84,2000,84.8925,0.7,4.48,2,4,110.16,0.075,1,0.2,22.94,0.15,14.38,0.96,3,1.1,13.3,14,36.5
139.6153479,-29.9280536,0.3,9,10,83.9,1.195,8.6,26,0.26,107000,12.8525,1.5,3.88,4,39,5.92,0.37,8,2.1,193.77,0.09,8.69,2.39,48,1.8,10.6,38,53.3
139.6162827,-29.9278739,0.075,1.5,7.5,235.1,0.16,4.8,12,9.4,5000,74.545,0.2,17.68,6,0.75,409.83,0.075,9,2.8,9.34,1.16,40.29,2.01,10,6.2,29.68,36,100.9
139.6175732,-29.9274453,0.075,1.5,7.5,256.5,0.88,5,8,3.58,41000,89.775,0.1,25.12,7,8,248.8,0.075,7,2,35.58,1.72,64.94,4.89,13,8.9,44.05,49,181.8
139.6201993,-29.9270667,0.075,1.5,7.5,98.9,0.0375,3.5,3.75,0.23,3000,10.589,0.075,2.31,4,0.75,20.12,0.075,0.75,0.6,2.21,0.11,6.03,0.39,1,1.3,9.27,23,22.1
139.61932,-29.9277253,0.075,1.5,7.5,43.8,0.0375,0.6,3.75,0.14,5000,9.055,0.075,0.61,2,0.75,4.77,0.075,0.75,0.2,3.22,0.0375,1.89,0.84,1,0.4,4.61,11,9
139.6179497,-29.9279365,0.075,1.5,7.5,46.8,0.15,0.8,7,0.17,2000,13.796,0.7,0.91,2,0.75,13.43,0.34,0.75,0.8,2.65,0.01,4.15,0.4,1.5,0.4,20.27,14,8.1
139.6137815,-29.933442,0.075,1.5,7.5,893.4,0.3,3.5,3.75,4.49,55000,91.74,0.5,27.2,5,25,233,0.075,6,2.5,43.72,2.05,74.31,4.95,9,6.8,41.29,54,186.4
139.6120368,-29.9344885,0.075,1.5,7.5,306.6,0.09,1.5,3.75,5.17,4000,101.865,0.075,22.14,0.75,0.75,395.18,0.075,7,3.6,38.82,1.55,40.7,9.24,4,7.8,37.49,25,105.3
139.60991,-29.9399253,0.075,32,7.5,523.5,0.0375,11.8,13,7.96,16000,82.555,0.2,28.57,2,0.75,342.37,0.075,13,4,229.82,2.58,64.85,7,14,9.3,47.38,59,81.3
139.6052803,-29.9338758,0.075,1.5,7.5,117.5,0.0375,4,8,1.2,2000,15.269,0.075,3.71,4,0.75,45.9,0.075,1,0.7,9.14,0.2,6.07,1.58,6,1.4,9.54,30,34.2
139.5992947,-29.9366637,0.075,1.5,7.5,263.7,0.17,2.8,3.75,1.99,4000,89.675,0.2,7.95,2,0.75,126.72,0.075,4,2.4,14.85,0.53,15.16,3.53,11,3.9,52.85,16,60.7
139.5992636,-29.9366633,0.075,1.5,7.5,472.9,0.28,11.3,44,11.28,38000,80.34,0.4,16.34,20,6,145.68,0.075,12,2.3,199.31,1.01,15.33,2.58,78,2.9,34.27,93,162.7
139.6027225,-29.9404718,0.075,3,7.5,84.2,0.03,3.3,3.75,0.16,2000,17.2775,0.3,0.82,3,4,5.18,0.12,3,2,19.03,0.0375,6.64,5.41,16,0.2,7.26,15,18.9
139.6031141,-29.9406203,0.075,1.5,7.5,361,0.0375,1.6,3.75,1.13,6000,13.051,0.4,4.73,2,0.75,77.03,0.075,3,2.8,10.14,0.17,6.97,2.1,6,1.6,10.82,10,32.8
139.6051161,-29.9419319,0.075,1.5,7.5,258.6,0.0375,2.5,3.75,2.57,11000,94.665,0.075,11.88,2,7,159.51,0.075,5,7.1,114.91,0.15,23.81,16.06,6,2.3,27.13,31,78.6
139.6062157,-29.9418353,0.075,1.5,7.5,412,0.18,1.9,5,6.76,12000,99.415,0.075,20.35,2,0.75,272.98,0.075,9,11.4,18.36,1.31,38.77,9.08,12,9.6,26.8,10,149.4
139.6043443,-29.9408138,0.075,8,7.5,399.4,2.06,25.2,76,3.75,200000,63.335,4.5,25.57,0.75,27,250.33,0.89,5.6,4.4,36.13,0.7,3.43,7,25,4.3,62.72,202,192
139.6123853,-29.9467008,0.075,4,7.5,535.8,0.36,3.5,14,2.7,45000,94.75,0.8,27.22,3,4,323.52,0.075,10,4.1,10.06,2.17,47.64,20.67,26,2.4,58.12,85,158.4
139.6124679,-29.9459798,0.075,1.5,7.5,975.5,0.02,0.6,10,1.16,7000,86.27,0.1,11.71,1,0.75,198.15,0.075,6,1.9,19.63,0.82,22.75,3.65,9,2.1,14.84,8,75.9
139.6074614,-29.9461254,0.075,1.5,7.5,741.3,0.0375,18.7,9,1.77,6000,91.59,0.5,23.32,1,0.75,402.9,0.075,14,3.4,15.56,1.72,46.45,3.53,17,3.8,47.81,141,157.6
139.6048172,-29.9470178,0.075,1.5,7.5,474.9,0.0375,2.8,6,1.5,5000,72.74,0.075,19.11,2,0.75,173.19,0.075,6,5.5,26.53,1.59,36.65,3.3,3,1.7,28.17,87,125.1
139.6144691,-29.928676,0.075,22,7.5,110,0.0375,0.8,3.75,1.5,5000,11.6905,2.8,3,10,10,32.2,0.075,0.75,0.2,66.5,0.11,3.06,3.86,1.5,3.2,24.7,31,39
139.6046592,-29.9405194,0.075,8,7.5,1047,0.09,2.9,3.75,3.6,33000,83.625,0.9,17.4,4,12,342.3,0.075,8,11,15.5,0.97,34.29,7,1.5,5.1,41.4,44,122.7
139.6057502,-29.9410362,0.075,9,7.5,210,0.28,31.3,3.75,3,44200,21.8695,0.3,13.6,16,10,90.4,0.8,10,2.3,11.7,0.24,1.9,7,112,2,20.8,116,90.8
139.6059578,-29.9410113,0.075,1.5,7.5,41,0.0375,4.3,14,0.3,37000,9.908,0.4,0.9,3,9,8.5,0.4,2,1.1,3.6,0.0375,0.51,6.84,163,2.1,3.2,53,11.8
139.6059164,-29.9410109,0.375,12,60,786,1.195,15.7,3.75,0.6,44200,19.9185,1.4,5.3,21,23,20.4,1,0.75,9.8,26.2,0.12,3.96,7,178,7.1,11.6,52,42.3
139.6058862,-29.9409474,0.075,6,7.5,256.5,0.72,5.4,3.75,2.8,143000,86.265,0.7,24.7,3,30,378.1,0.5,5,7.1,62.9,1.17,34.88,5.87,1.5,2.7,77,50,131.6
139.6059583,-29.9409753,0.075,5,7.5,929,0.36,2.7,3.75,1.7,24000,80.625,0.7,20.4,2,31,320.9,0.3,4,5.6,54.6,0.95,32.1,7.85,1.5,2.3,44.6,29,144.5
139.6063206,-29.9409972,0.075,4,7.5,275,0.0375,6.2,24,6.9,148000,11.405,0.4,3.1,6,6,329.8,0.075,0.75,0.4,8.1,0.12,5.19,3.3,30,0.8,9.5,44,14.6
139.6070345,-29.9410678,0.075,41,80,891,8.41,11.1,3.75,0.9,44200,65.5805,2.2,10.7,12,18,23,1.5,5,2.7,41.2,0.27,3.07,7,97,2.25,99,72,141.9
139.6069311,-29.9410577,0.075,6,7.5,495,0.06,20,3.75,3.7,185000,34.9895,0.075,8.8,21,9,191.2,0.8,16,3,17.8,0.25,6.62,15.01,138,2,28.9,154,119.1
139.6079712,-29.9415109,0.075,1.5,7.5,960,0.0375,15,3.75,5.6,750,78.8325,5.5,19.3,30,51,421.5,0.5,27,3,11.8,0.18,3.1,7,25,1.9,41.8,117,191.1
139.6050303,-29.9443673,0.075,1.5,7.5,88,0.0375,0.3,69,0.3,6000,13.135,0.075,0.7,3,9,17.7,0.4,1,0.3,2.1,0.0375,0.87,14.29,67,0.7,1.6,6,3.2
139.5794333,-29.947667,0.075,18,7.5,709,0.0375,38.2,3.75,3,46000,55.443,0.075,10,4,13,263.5,0.9,8,3,22.3,0.58,9.98,19.25,11,3.3,48.4,35,58.5
139.5755346,-29.9478685,0.075,23,7.5,949,2.15,11.4,3.75,3.5,750,68.56,0.075,5,4,10,342.8,0.6,26,8.8,14.7,0.34,20.08,11.86,142,15.9,51.6,81,246.5
139.6191235,-29.944209,0.075,1.5,7.5,311,0.2,48.5,3.75,5.5,234000,22.233,0.075,3.3,31,11,326.2,0.075,5.6,1.5,55.7,0.07,2.75,2.2,188,0.8,23.4,223,104.6
139.6220286,-29.9454214,0.075,3,7.5,109,0.0375,27.2,3.75,2.9,750,35.181,0.075,15.1,31,5,237.6,0.075,16,4.9,7.3,0.37,4.95,3.22,158,2.5,18.1,67,167.5
139.6166283,-29.9440745,0.075,1.5,7.5,35,0.0375,2.9,39,0.2,16000,9.9525,0.075,1.3,5,3,23.1,0.075,2,0.7,2.1,0.0375,0.35,0.79,66,1.8,1,28,6.7
139.6159778,-29.9439142,0.075,1.5,7.5,84,0.0375,2.8,58,0.2,750,20.084,0.075,0.4,4,6,10.9,0.075,1,0.6,4.6,0.0375,0.15,1.03,69,0.9,0.9,25,3.2
139.6143257,-29.9435089,0.075,1.5,7.5,533,0.0375,5.5,16,0.2,750,18.1825,0.075,0.075,12,2,27.8,0.075,1,0.7,7.1,0.0375,0.15,0.42,46,0.7,0.7,43,2
139.6111677,-29.9433583,0.075,1.5,7.5,108,0.0375,10.6,21,0.3,750,21.81,0.075,7.2,13,6,19.7,0.075,6,0.2,3.8,0.16,0.52,2.23,97,6.6,19.3,84,46.9
139.6100189,-29.943265,0.9,9,7.5,109,5.68,15.4,37,3.1,571000,43.8875,4.9,4.1,5,89,101.6,2.4,1,1.5,4.7,0.18,5.76,7,51,11.1,107,29,27.3
139.5860081,-29.9516538,0.375,9,15,90,1.195,37.5,16,3.9,680000,14.1855,1.5,1.8,51,46,5.9,1.5,2,5.7,16.5,1.21,2,10.55,71,4,17.3,62,9.1
139.5895289,-29.9481364,0.375,57,7.5,610,1.195,16.3,3.75,11.6,750,91.785,1.5,30.1,6,12,312.6,1.5,12,3,33,0.52,31.16,14.16,1.5,2.25,55.4,16,110.4
139.5916655,-29.947248,1.3,13,7.5,824,1.2,3.2,3.75,5.2,750,86.43,2.2,24.9,2,7,333.6,1.8,10,14.3,19.5,1.35,33.82,3.59,1.5,8.2,32.8,17,118.3
139.6022662,-29.940503,0.375,23,15,586,1.195,11.9,18,10.7,219000,35.5295,1.5,13.8,4,49,141.1,1.5,3,3,21.7,2.82,10.82,7,40,11.7,41.2,25,41.8
139.6033929,-29.9406865,0.3,17,7.5,296,0.37,14.2,3.75,2,64000,25.267,1.3,10.8,19,22,72.4,0.5,13,3.8,6.4,0.37,5.57,7,173,4.2,29.5,75,107.6
139.6044076,-29.9407333,1.3,23,7.5,256.5,1.21,9.9,3.75,5.1,111000,102.015,5.3,41.9,0.75,24,405.3,1.6,17,14.9,26.8,2.39,63.35,7,60,14.3,55.8,75,268
139.6053785,-29.9409511,0.375,10,7.5,753,4.76,34.1,3.75,10.9,160000,61.2375,7.1,15,30,11,295.9,5.5,26,10.6,22.8,2.47,5.94,7,25,6.3,49.9,174,169
139.6058326,-29.9410732,0.375,9,60,256.5,3.36,5.9,3.75,0.7,44200,40.576,5.2,8,7,46,62.3,5.8,2,7.4,34.3,0.21,12.08,7,14,2.25,37.5,19,40.6
139.606066,-29.9414276,0.3,4,7.5,256.5,0.78,3.3,3.75,2.6,74000,91.785,1.3,19.9,4,28,387.9,0.4,5,5.1,59.3,1.34,35.45,15.67,1.5,4,38.7,48,108.9
139.6069216,-29.9409945,0.375,51,20,238,1.195,22.7,3.75,4.8,44200,71.835,7.4,5.9,19,34,16.7,1.5,2,10.1,28.1,1.51,3.7,7,106,14.9,74.5,68,60
139.6063515,-29.9410155,0.4,1.5,7.5,256.5,0.71,3.3,3.75,1.7,44200,93.835,1.4,23.6,9,17,336.8,1,5,6.6,209,1.03,32.46,13.71,1.5,7.1,66,23,127
139.6018703,-29.9458408,0.3,7,7.5,590,0.86,1.1,18,3.3,84000,68.07,1.3,17.9,3,10,184.7,1.3,6,6.8,13.7,0.68,30.04,5.34,23,6.3,49.7,18,94
139.6019939,-29.9458961,0.375,12,7.5,310,1.195,14.3,3.75,12.7,1000,91,1.5,39.6,5,18,52.3,1.5,12,3,29.9,0.52,33.73,17.39,1.5,11.5,69,54,104.5
139.601804,-29.9461378,0.2,2,7.5,305,0.65,0.7,48,0.6,16000,13.5585,2.1,4.3,2,15,53.2,0.7,2,1.9,6,0.11,5.8,2.21,50,2.9,11.3,11,16.5
139.6026516,-29.9440624,0.375,9,7.5,610,1.195,14.4,3.75,1.77,750,59.115,1.5,24.3,6,15,351.3,1.5,5,3,22.2,0.52,29.58,12.96,1.5,13.8,30.6,66,109.9
139.6023097,-29.9425789,0.075,1.5,7.5,1164,0.08,1.4,3.75,4.9,750,92.14,0.3,26,4,7,394.5,0.3,2,3,31.8,2.81,21.22,4.16,1.5,6.9,19.1,25,70.7
139.5970822,-29.9444544,0.075,1.5,7.5,256.5,0.0375,2.5,3.75,2.2,750,80.85,0.3,11.6,7,8,307.3,0.2,7,8.3,13.7,0.79,34.13,8.06,1.5,2.8,31.9,48,148
139.5985377,-29.9455797,0.075,4,7.5,804,0.0375,1.8,67,0.2,5000,16.9345,0.2,0.4,7,7,6.3,0.4,1,0.075,12.4,0.0375,0.98,1.83,69,1.1,8.3,24,8.9
139.6041829,-29.9419851,0.075,2,7.5,42,0.0375,0.5,72,0.1,6000,11.2145,0.075,1.2,3,4,4,0.5,0.75,0.075,2.4,0.0375,0.53,1.11,70,0.9,7.2,6,4
139.6075807,-29.9412812,0.075,1.5,7.5,378,0.0375,15.3,3.75,1.5,103000,16.6885,0.075,9,14,11,51.6,0.1,8,2.5,15.6,0.38,7.02,9.93,112,3.5,14.2,122,50.5
139.5939184,-29.9601843,0.3,9,7.5,32,0.43,5.1,3.75,0.6,21000,7.705,0.3,0.075,4,26,0.6,2,0.75,0.075,8.1,0.0375,0.09,0.19,1.5,0.2,0.7,15,1.9
139.5932796,-29.959185,0.3,57,7.5,31,2.09,2.8,3.75,0.4,57000,8.012,0.4,0.075,6,28,0.6,2.3,0.75,0.075,9.9,0.0375,0.11,0.36,3,0.4,6.5,17,4.7
139.5918051,-29.9571931,0.2,7,10,39,7.16,0.8,3.75,0.4,39000,7.9705,0.3,0.075,2,31,0.9,1.4,0.75,0.1,20.4,0.0375,0.11,0.39,3,0.3,5.3,17,6.4
139.590986,-29.9564895,1,9,15,990,1.195,7.4,3.75,0.2,129000,21.3445,1.3,0.5,17,152,1.8,7.4,7,0.6,177.5,0.07,0.71,6.63,53,3.2,17.2,57,18.2
139.5900553,-29.9556224,0.2,9,10,775,1.195,6.1,3.75,0.075,266000,19.1345,2.9,0.3,25,31,1.1,5,11,0.2,316.1,0.0375,0.25,4.05,31,1.7,18.8,55,28.2
139.5901059,-29.9557131,0.4,39,7.5,272,1.195,5.9,3.75,0.4,118000,12.422,0.5,0.075,11,41,1.5,1.5,1,0.2,49.2,0.0375,0.27,1.06,10,0.5,7.3,29,10
139.5889688,-29.9547806,0.075,9,40,254,1.195,30.6,3.75,0.075,152000,21.5765,1.3,0.075,40,38,0.6,1.5,6,0.2,67.2,0.0375,0.27,4.15,41,1.3,7,34,117.4
139.5883575,-29.9533122,0.075,48,7.5,205,4.48,6.8,5,0.2,76000,13.6755,1,0.075,10,17,0.6,6.8,2,0.2,42.3,0.0375,0.13,2.71,36,0.7,6.1,20,36.5
139.5865388,-29.952228,0.075,2,7.5,73,1.22,1.9,7,1.7,4000,7.57,0.3,1.4,4,19,31.8,1,2,1.3,25.4,0.08,2.48,0.93,10,0.7,4.9,16,18.1
139.5866337,-29.9528426,0.075,7,7.5,110,0.75,2.4,6,0.9,12000,59.4875,1,0.9,4,9,28.8,0.7,4,1,25.2,0.0375,14.49,1.74,17,0.4,30,8,10.2
139.5860086,-29.9516177,1.3,9,15,57,1.195,10.45,3.75,0.075,435000,12.6105,1.5,0.075,10.5,33,0.2,6.3,3,0.075,12.9,0.0375,0.83,8.7,113,0.4,12.9,79,2
139.5858223,-29.9516067,0.1,9,7.5,22,1.47,6.8,3.75,0.4,42000,9.182,4.7,0.075,12,12,0.9,1.6,0.75,0.075,12.4,0.0375,0.33,0.6,4,0.1,2.5,12,2.3
139.5858121,-29.9515886,0.075,53,7.5,206,2.35,1.9,12,0.7,80000,13.336,4.5,2.3,8,15,26.3,1.2,3,2.5,41.2,0.14,5.59,1.56,32,1.3,5.2,24,42.8
139.58727,-29.9532736,0.075,21,7.5,96,0.4,4.6,3.75,0.7,51000,8.84,1.3,0.5,7,23,5.8,2.1,1,0.3,28.6,0.0375,0.9,1.82,3,0.2,5.4,15,7.3
139.5863592,-29.9517388,0.075,23,7.5,16,0.47,1.3,3.75,0.5,190000,8.6055,1.6,0.075,4,33,1,0.8,0.75,0.1,14.5,0.0375,0.26,0.48,2,0.075,1.5,13,1.7
139.5863903,-29.9517392,0.075,9,7.5,364,8.1,67.9,3.75,0.075,639000,24.05,1.5,0.075,10.5,17,0.7,3.6,8,0.2,42.7,0.07,0.44,12.69,168,0.3,11,56,4.2
139.6023181,-29.9404946,0.075,29,15,459,4.1,3.7,3.75,3.3,197000,36.63,1.5,9,6,26,135.3,0.4,4,3,6.8,1.18,7.65,7,13,3.8,35.7,18,34.2
139.6014584,-29.9404765,0.075,12,20,636,0.24,35,42,1.77,17000,25.3975,0.9,15.3,28,5,65.2,0.2,5.6,3,37.2,0.52,3.11,16.44,204,3,26.7,195,104.7
139.6012819,-29.9405016,0.075,7,7.5,450,0.17,2.7,3.75,2.6,40000,107.265,0.3,9.2,2,18,202.3,0.3,5,8.2,43.2,0.47,14.68,22.59,10,1.9,35,47,50.4
139.6015974,-29.9401711,0.075,9,7.5,1102,0.08,0.6,3.75,4.9,41000,84.255,0.1,19.2,3,13,317.5,0.3,7,3,16.7,1.17,25.65,6.34,11,4.4,58.6,25,107.8
139.6019366,-29.9403642,0.075,18,7.5,910,0.31,3,3.75,4.3,12000,79.56,0.2,20.6,5,11,340.2,0.4,10,3,10.7,1.53,32.53,16.49,19,7.6,30,26,111
139.6022563,-29.9404668,0.075,8,7.5,810,0.09,25.8,53,9.4,11000,53.848,0.2,27.3,32,3,390.8,0.2,5.6,15.3,22.7,0.9,4.34,9.4,25,6.1,35.1,130,193.5
139.6022352,-29.9404937,0.075,6,7.5,256.5,0.14,1.1,3.75,1.4,15000,90.13,0.7,19.3,5,16,283.8,0.2,10,3,22.3,2.13,35.72,15.96,8,1.8,43.7,21,115.3
139.6060155,-29.9428166,0.075,7,7.5,849,0.34,3.7,3.75,2.6,5000,98.24,1.5,43.1,6,19,250.1,0.5,10,4,19.4,2.02,78.73,7,10,4.4,67.8,49,400.6
139.6056209,-29.9428847,0.075,10,7.5,471,0.19,40.3,52,2.6,49000,52.209,0.5,40.3,33,15,153.6,0.6,5.6,2.3,15.7,2.1,4.37,18.88,25,13.5,37.7,170,188.4
139.6054142,-29.9428464,0.075,28,20,256.5,0.06,2.6,6,2.2,7000,101.275,4.7,17.9,6,21,281.9,0.9,7,2.4,50.7,1.32,29.29,17.76,13,8.4,37.9,27,129.6
139.6040037,-29.9436887,0.075,6,7.5,957,0.17,28.1,23,5.1,5000,83.615,0.075,30.6,15,8,65.2,0.9,11,8.4,14.3,2.34,48.38,6.35,8,10.9,57.1,312,135
139.6033495,-29.94379,0.375,6,15,571,1.195,2.3,3.75,0.8,44200,65.06,0.5,15,6,11,134.6,2,5,10.9,22.4,1.06,21.15,8.28,6,5.8,32.8,126,79.1
139.6010578,-29.9439281,0.4,6,7.5,790,0.1,4.2,6,8.4,161000,83.185,0.2,25.6,5,4,65.2,0.3,10,9.7,10,1.38,32.82,4.28,10,4.7,31.7,63,107.8
139.6010687,-29.9438921,0.1,9,7.5,533,0.44,1.2,3.75,3.5,322000,79.15,0.4,22.4,3,44,310,0.3,9,13.5,40.8,1.37,35.66,11.73,5,2.3,56.3,32,143.9
139.5606028,-29.9551414,0.075,6,7.5,256.5,0.82,0.9,3.75,1.4,57000,91.865,0.3,27.8,3,14,404.7,0.4,7,3.6,34.5,1.9,39.04,3.94,8,4.3,32.4,13,130.9
139.5603122,-29.9558962,0.075,17,7.5,399,0.24,5,18,2.6,34000,19.9155,0.5,6.7,23,12,107.6,0.9,4,0.9,36.5,0.53,8.48,3.03,49,9.2,19.6,73,60.3
139.6018006,-29.9441616,0.7,27,15,1132,1.195,52.3,3.75,0.1,44200,61.1965,5.8,1,37,30,5.2,6.4,0.75,3,42.1,0.0375,1.46,26.94,18,8.6,37.1,209,21.9
139.6018218,-29.9441257,0.375,6,80,583,2.3,3.6,6,0.6,44200,13.3165,1.2,4.6,5,13,44.1,1.3,2,4.2,12.4,0.27,7.38,9.81,8,3.2,17.5,36,28.4
139.5973095,-29.9452418,0.2,42,40,256.5,0.42,33.7,3.75,2.1,32000,99.005,2.1,7.4,38,12,130.4,0.6,5,5.5,85.7,0.64,18.11,25.31,55,12.4,72.6,407,72.3
139.5961104,-29.9457795,0.075,11,7.5,256.5,0.29,10.5,14,7.2,43000,76.845,0.2,26.1,12,10,65.2,2.2,5.6,3,17.9,1.81,14.49,13.01,36,7.2,58.1,48,280.6
139.5976464,-29.9455973,0.075,18,7.5,256.5,0.15,12.1,3.75,2.5,23000,95.542,0.9,7.4,19,21,88.6,0.5,6,2.7,130.5,0.39,19.34,21.98,47,9.1,61.8,233,76.1
139.5978587,-29.9430189,0.375,10,7.5,256.5,0.46,5.4,3.75,2.7,18000,64.655,1.2,23.8,5,23,303,0.8,13,11.7,55.5,1.52,35.95,10.67,13,6.3,31.1,66,137.1
139.5989435,-29.9432379,0.1,7,7.5,256.5,0.38,2.3,5,2,26000,58.975,0.3,15.8,5,13,358.2,0.6,11,10.8,19.4,1.14,38.16,4.03,17,5.5,27.6,31,134.4
139.6010537,-29.9434859,0.075,20,7.5,482,0.34,5.3,3.75,1.5,97000,14.752,1.9,5.1,6,11,71.7,1.1,2,8.2,19.6,0.21,6.76,7.77,3,3,21.55,9,27.3
139.600918,-29.9442966,0.075,17,40,764,7.93,2.8,5,2.3,44200,58.1,0.3,10.1,6,15,225.2,2.8,8,9,19.1,0.43,14.53,10.97,10,5,67.7,16,50.1
139.6008977,-29.9442693,0.075,13,7.5,256.5,1.195,5.8,8,5.8,44200,108.565,0.1,7.15,10,31,65.2,1.8,21,17.8,81.9,0.52,77.23,33.27,13,13.5,21.55,57,246.4
139.6016034,-29.9441866,0.3,7,10,256.5,2,3.9,3.75,3.7,199000,13.455,1.8,8.5,7,10,29.4,2.1,1,7.3,67.8,0.28,7.14,5.3,40,2.25,23.7,24,25.5
139.603318,-29.9438257,0.375,9,15,505,1.195,3.1,3.75,0.4,44200,23.3415,0.8,8,6,0.75,80.6,2.6,4,9,26.1,0.64,12.79,8.85,1.5,4.2,30.5,132,64.2
139.6044629,-29.9434499,0.5,9,7.5,40,0.09,1.8,3.75,0.075,380000,10.043,0.9,0.3,6,7,3.4,1.1,0.75,0.2,2.8,0.0375,2.24,1.9,1.5,0.2,2.5,65,5.4
139.6044624,-29.9434859,0.3,8,7.5,47,0.17,1.5,3.75,0.1,44200,8.1185,0.5,0.9,5,10,11.2,1.6,0.75,0.3,11.4,0.0375,4.12,2.47,3,0.2,4.5,62,8
139.6052463,-29.9429979,0.2,5,7.5,660,0.15,4.2,3.75,2.7,39000,114.05,0.5,30.4,2,14,297.1,0.4,14,8.2,29,2.16,57.63,26.37,11,4.4,35.1,67,182.8
139.6055072,-29.9428655,0.1,25,7.5,180,0.28,57.9,37,3.7,148000,67.85,1.1,13.2,28,12,148.8,0.9,27,1.8,17.1,0.48,3.44,7,25,2.4,37.6,199,136.3
139.6062946,-29.9428647,0.1,9,15,271,5.81,10.1,6,0.5,34000,96.03,1.5,6.8,22,18,37.5,1.6,5,1.3,304.9,0.34,27.33,22.01,32,2.25,42,97,75.1
139.6032856,-29.9431758,0.075,6,7.5,342,0.37,1.2,3.75,0.075,14000,12.115,0.5,0.6,3,11,5.8,1.2,0.75,0.2,13.7,0.0375,0.69,1.15,5,1,16,9,6.9
139.6013366,-29.9402947,0.075,4,7.5,53,0.06,1.3,3.75,0.2,5000,6.45,0.5,1.3,4,16,11.5,0.3,0.75,0.4,5.4,0.0375,1.21,0.49,7,0.7,6.6,21,7.4
139.5999384,-29.9402617,0.5,3,7.5,81,3.91,2.2,3.75,0.2,18000,15.9315,0.4,7.7,3,16,22,0.2,13,5,11.2,0.36,9.57,3.9,1.5,4.2,27.8,41,50.1
139.6018214,-29.9441528,0.9,14,60,1038,3.31,4.7,3.75,0.3,44200,36.4535,2.1,3.1,10,16,34.7,1.5,2,3.8,19.2,0.15,5.96,26.22,11,2.6,19.6,41,34
139.602122,-29.944147,0.075,9,7.5,1254,0.12,3.7,3.75,7.2,45000,81.505,0.3,22.1,6,12,385.4,0.4,10,6.6,23.6,1.67,36.02,7.25,13,5.9,46.7,52,140.7
139.6025394,-29.9439348,0.1,41,7.5,256.5,4.58,11.5,3.75,0.7,512000,71.04,2.9,18.7,9,17,112.6,6.9,4,3.8,170.8,1.23,31.31,7.48,21,8.5,43.1,80,82.5
139.6025795,-29.9440255,0.075,23,7.5,256.5,2.93,7,3.75,0.4,505000,54.3025,2.3,7.4,9,15,68.8,6.4,3,2.1,74.8,0.47,15.57,5.48,12,3.8,27.9,49,52
139.6028495,-29.9439832,0.075,1.5,7.5,797,0.06,5.2,3.75,6.1,23000,71.575,0.5,21.7,0.75,12,401.2,0.8,9,5.2,13.9,1.45,37.28,3.81,9,6.8,21.3,55,143.9
139.60152,-29.9442217,1.2,31,80,883,5.49,12.6,3.75,0.2,499000,16.4825,1.1,1.6,11,26,13.6,1.5,0.75,1.2,50.9,0.05,3.11,6.66,7,1.6,17.8,54,21.5
139.600803,-29.9443676,0.075,1.5,7.5,209,0.0375,0.8,3.75,1.4,11000,14.861,0.4,3.6,0.75,9,78,0.6,1,1.4,4.3,0.11,5.76,2.49,2,1.2,28.3,10,29.7
139.6001998,-29.9445326,0.075,2,7.5,272,0.14,2.5,5,0.9,26000,67.1,0.2,20.8,2,14,50.7,0.8,7,0.8,30,1.66,15.36,5.12,12,1,20.3,28,53.2
139.5978536,-29.9448595,0.075,3,7.5,883,0.3,5.1,3.75,2.8,13000,76.245,0.4,9.8,2,15,213.3,1.1,11,5.8,12,0.47,36.59,4.47,12,3.3,45.7,93,92.6
139.5974794,-29.9449458,0.075,9,7.5,894,7.4,38.7,3.75,0.8,62000,101.63,1.7,11.4,43,17,81.5,4.2,4,3.5,79.6,0.75,17.77,29.73,34,5.5,35.6,221,100.7
139.597438,-29.9449453,0.075,8,7.5,568,0.76,4.3,3.75,1.3,17000,66.725,0.4,24.5,7,12,129.2,1.3,13,6.5,76.6,1.06,37.48,9.16,20,6.1,43.8,36,115.9
139.5974802,-29.9448918,0.075,9,7.5,256.5,5.44,23.9,3.75,1.4,48000,72.51,1.2,19.7,29,19,140,2.7,11,6.2,80.8,1.14,32.04,7,63,8.8,56.2,142,123.5
139.5971877,-29.94506,0.075,9,7.5,465,0.96,7.9,3.75,0.2,12000,13.5395,1.2,2.6,24,20,5,1.4,2,0.2,37.8,0.0375,1.57,9.38,32,5.8,14.6,140,37.6
139.6023069,-29.9420375,0.075,4,7.5,99,0.43,3.3,3.75,0.075,14000,71.355,0.3,4.3,5,7,2.3,0.3,11,9.1,59,0.6,28.12,2.3,9,0.6,21.9,103,166.9
139.601445,-29.9421727,0.2,3,7.5,97,1.195,0.7,3.75,0.3,15000,9.886,0.5,1.7,5,9,15.2,2.3,0.75,1.8,9.1,0.0375,1.74,1.72,1.5,0.5,10.6,6,9
139.6004604,-29.9421984,0.075,1.5,7.5,203,0.25,2.1,3.75,2.2,21000,13.887,0.8,5.9,5,12,135.1,0.2,5,10,6.1,0.13,8.33,8.93,7,2.3,26.7,16,42.3
139.5997449,-29.9429847,0.2,1.5,7.5,313,0.1,0.4,3.75,0.1,9000,12.115,0.075,0.5,3,24,2.1,0.6,0.75,0.4,18.1,0.0375,1.51,0.95,1.5,2.2,6.7,15,6.5
139.5986585,-29.9428739,0.075,3,7.5,949,0.14,2.8,3.75,2.5,15000,93.06,0.4,20.1,0.75,13,281.2,1,12,16.2,21.8,1.3,34.02,10.15,12,6.9,45.7,32,124.8
139.5971115,-29.9431102,0.7,14,7.5,712,0.29,1.4,3.75,3.2,11000,84.505,0.3,17.9,4,10,282.6,1,17,6.9,13.2,0.77,57.81,7.67,2,4.9,85.4,28,111.6
139.598506,-29.9456244,0.075,5,7.5,103,0.0375,0.6,3.75,0.1,750,19.6935,0.1,0.075,7,7,4.4,0.7,0.75,0.2,5.7,0.0375,0.5,0.63,1.5,0.6,3.3,9,5
139.5804269,-29.9448264,0.2,16,7.5,215,0.52,2,3.75,0.8,50000,54.406,2.1,4.9,2,8,60.4,0.9,0.75,1.3,66.3,0.26,12.77,3,11,1.2,50.6,21,40.6
139.5804574,-29.9448628,0.075,8,7.5,91,0.37,1.6,3.75,0.8,29000,10.5975,0.8,2.8,3,9,31,0.7,1,1,10.4,0.11,6.21,2.33,3,0.7,10.6,7,25.3
139.5784425,-29.9452111,0.1,35,7.5,862,0.0375,2.4,3.75,6,77000,70.595,1.2,17.9,5,98,195.2,0.2,6,5.1,24.9,1,35.88,6.59,15,1.7,14.2,74,154.5
139.5772647,-29.9457036,0.2,10,7.5,315,0.06,1.2,3.75,0.5,18000,67.18,0.8,23.7,3,71,42.6,0.2,10,1.9,109,1.76,48.19,9.21,16,1.7,29.3,45,229.4
139.5772515,-29.945902,0.075,4,7.5,168,0.0375,1,3.75,0.8,17000,10.153,1.5,2.1,0.75,14,38.7,0.075,0.75,0.4,70.1,0.08,2.56,3.18,15,1.5,5.4,16,24.3
139.5777845,-29.9470356,0.075,4,7.5,684,0.26,12.1,3.75,3.8,11000,71.735,0.6,14.1,20,14,286.3,0.7,14,8.5,14.8,0.95,31.08,8.05,15,3.3,28.8,35,139.3
139.57644,-29.9475896,0.075,18,7.5,971,3.56,10.45,28,4.1,16000,58.71,1.1,3.3,10.5,16,258.9,1.4,5.6,6.2,21.9,0.24,19.65,11.14,25,5.1,74.2,41,315.7
139.5767718,-29.9475751,0.075,14,7.5,412,0.51,10.45,3.75,1.3,22000,59.551,1.6,5.3,10.5,9,98.8,0.9,4,4.5,14.4,0.25,10.1,15.1,36,2.25,66.3,332,40.7
139.5761705,-29.9475957,0.075,16,7.5,433,0.52,9.2,10,1.9,18000,59.955,1.4,4.5,10,26,150.4,0.9,3,10.8,12.1,0.2,17.18,7.25,33,4.9,12,77,68.1
139.5800516,-29.9471774,0.075,1.5,7.5,189,0.98,1.6,3.75,1.2,750,18.0775,0.3,2.4,6,20,68.8,0.7,0.75,4.5,10.4,0.11,3.49,0.81,7,2.8,3.3,33,22.3
139.5785048,-29.9473863,0.075,1.5,7.5,486,0.08,1.4,3.75,3.5,7000,81.605,0.4,9.9,3,9,247,1.7,14,3,11.1,0.56,32.79,4.74,7,3,47.8,30,141.9
139.5789424,-29.9479415,0.075,3,7.5,1021,0.06,2.4,3.75,5.5,10000,96.26,0.4,18.8,3,8,391.1,1.9,14,12.2,21.4,1.12,35.71,5.52,10,8.6,35.3,45,121.5
139.5795166,-29.9476408,0.075,2,7.5,716,0.0375,3,3.75,5.8,19000,89.555,0.3,21.8,0.75,10,358.4,1.5,19,3,24.8,1.6,33.12,11.19,7,5.4,59.4,46,155.2
139.5802869,-29.9473874,0.075,6,7.5,922,0.17,6,3.75,4.9,22000,69.045,0.5,10.1,0.75,10,332.4,2.4,16,4.6,15.3,0.5,40.34,6.69,12,3.4,48.5,281,129.8
139.5849578,-29.9511914,0.075,1.5,7.5,40,0.08,2,3.75,0.8,18000,7.747,0.8,1.1,0.75,15,15.7,0.5,1,0.5,9.7,0.0375,2.07,0.36,8,0.5,4.9,17,18.4
139.5848962,-29.9511456,0.2,9,7.5,72,0.14,55.3,3.75,0.6,330000,11.99,1.5,0.4,29,95,12.2,1.5,8,0.4,134.6,0.0375,1.6,11.22,15,0.3,22.9,86,25.8
139.584295,-29.9511663,0.075,46,7.5,166,0.21,6.2,7,0.7,62000,9.688,2.7,1.6,7,21,25,0.7,2,0.9,68.1,0.0375,5.24,2.57,17,0.3,9.4,29,31.5
139.5838891,-29.9505574,0.1,1.5,7.5,30,0.0375,1.8,3.75,0.5,12000,8.467,1.2,0.075,0.75,47,1.7,0.9,0.75,0.1,28,0.0375,0.36,0.49,1.5,0.1,1.3,26,3.2
139.5839212,-29.9504855,0.075,38,7.5,122,0.19,7.4,7,1.1,119000,10.885,4.7,0.8,29,54,20.3,3.5,1,0.5,37.9,0.11,4.8,1.57,21,0.8,6.3,39,16.9
139.5840811,-29.9501715,0.075,1.5,7.5,46,0.0375,1,3.75,0.5,7000,7.248,0.7,0.075,3,28,1.6,0.8,0.75,0.075,20.7,0.0375,0.43,0.47,3,0.075,2,35,2.5
139.5836017,-29.9503647,0.2,23,7.5,271,0.16,6,9,1.2,24000,26.233,9,1,9,51,51.1,2.5,5,1.2,40,0.0375,8.6,3.4,30,0.8,18.8,58,67.3
139.5832263,-29.9505321,0.075,1.5,7.5,36,0.15,1.5,3.75,0.7,17000,7.4305,2,0.8,2,15,5.3,0.5,1,1,23,0.0375,3.85,1.24,8,0.075,7.1,19,26.4
139.5827563,-29.9507978,0.075,9,7.5,111,0.0375,5.5,3.75,0.6,15000,9.2805,0.9,0.8,1,12,20.6,2.5,2,0.6,21.2,0.0375,2,1.71,10,0.5,8.5,26,16.2
139.5817184,-29.9501911,0.075,42,7.5,78,0.1,6.4,3.75,1,31000,8.3545,6.8,0.9,7,13,18.3,2.3,1,1.1,21.6,0.0375,2.82,1.58,15,0.9,11.3,43,21.8
139.5812944,-29.9501324,0.075,9,7.5,103,0.09,5,3.75,0.8,22000,8.7765,2.2,1.9,10,19,25.2,0.9,2,1.9,13.9,0.0375,4.33,0.97,15,0.6,10.8,36,37
139.5805424,-29.9498265,0.075,17,7.5,652,0.57,5.3,27,1.77,63000,71.67,1.2,11.2,14,9,332.8,1.5,14,4.2,34,0.7,22.57,4.29,97,8.6,74,95,139.4
139.5792699,-29.9496865,0.075,2,7.5,28,4.31,0.8,3.75,0.2,12000,8.8655,0.5,0.2,2,4,4.2,0.5,0.75,0.3,5.3,0.0375,0.68,0.29,2,0.2,3,10,4.1
139.5786205,-29.9494448,0.075,1.5,7.5,173,0.19,1.8,3.75,1.4,19000,10.8285,0.7,1,0.75,10,30,0.7,0.75,0.6,12.7,0.0375,2.2,0.54,7,0.4,6.7,16,13.2
139.581065,-29.9495073,0.2,28,15,31,3.75,2.5,5,0.2,27000,7.908,2,0.5,3,7,5,1.8,0.75,0.3,4.9,0.0375,0.52,0.45,8,0.6,1.3,13,5.1
139.5811886,-29.9495538,0.4,20,7.5,146,0.7,13.9,7,0.5,48000,10.5365,1.5,0.7,15,40,14.8,5.8,2,0.3,51.7,0.0375,3.02,4.06,15,1.6,17.4,42,20.7
139.5847496,-29.953454,0.075,2,7.5,440,0.16,4.9,16,2.9,28000,24.195,1.5,7.6,6,40,90.6,0.2,10,3.3,20.3,0.45,13.22,2.16,62,2.8,14.6,49,82.2
139.5853492,-29.9535507,0.1,5,7.5,445,0.59,14,26,8.6,55000,67.095,3.4,14.4,26,30,145.6,0.7,13,3.6,133.7,0.95,17.01,4.88,86,2.1,33.8,82,154.8
139.5852795,-29.9533514,0.1,7,7.5,512,0.83,15.8,32,10.3,52000,75.35,3.5,18.5,21,44,178.4,0.8,15,4.1,160.1,1.16,19.43,5.22,97,2.4,39.6,100,159.3
139.5857004,-29.9528958,0.075,12,7.5,831,0.32,13.6,31,9.4,71000,78.06,2.5,16.3,28,33,183.1,1,17,4.4,91.8,0.97,18.31,5.35,116,2.6,28.1,82,158.8
139.5858234,-29.9529873,0.1,3,7.5,788,0.28,15.2,35,7.6,60000,73.76,2,19.4,27,29,179.6,0.9,17,4.7,100.3,1.16,19.92,4.31,121,2.8,33.7,172,182.4
139.5865818,-29.9528511,0.075,21,7.5,243,0.0375,8.9,3.75,0.6,48000,11.1265,1.4,2,4,18,23.5,1.3,2,1.2,13.5,0.0375,1.91,0.7,18,0.4,7.4,16,23.3
139.5898799,-29.9526338,0.075,4,7.5,12,0.0375,2.6,3.75,0.1,9000,8.5365,0.7,0.075,4,18,1.6,0.4,0.75,0.075,4.3,0.0375,0.3,0.3,1.5,0.3,1.3,14,4
139.5893346,-29.9523572,0.075,5,7.5,36,0.07,3.4,3.75,0.4,26000,6.5305,0.7,0.2,6,26,5.3,0.7,0.75,0.1,15,0.0375,0.85,0.74,5,0.2,4.3,16,6.7
139.5912878,-29.9534609,0.075,1.5,7.5,67,0.37,2.4,3.75,0.5,10000,6.473,0.7,0.3,4,13,7.4,0.3,0.75,0.2,22.9,0.0375,0.95,1.02,5,0.4,2.6,14,11.1
139.5995163,-29.9504266,0.075,4,7.5,256.5,0.08,1.3,3.75,1.8,23000,105.205,0.3,23.8,0.75,35,348.3,0.3,10,6.7,62.4,1.3,40.05,6.89,11,5.6,43.3,26,149.4
139.5967024,-29.9530585,0.075,10,7.5,757,0.82,5,47,11.8,68000,73.89,0.4,18.1,26,16,65.2,0.3,17,4.9,20.3,1.32,21.4,4.69,122,4.1,22.1,80,142.3
139.5941861,-29.9617753,0.075,6,7.5,766,0.35,11.1,32,9.5,66000,69.835,3.7,18.2,22,14,176.3,0.7,16,4.5,54.9,1.11,21.61,6.86,126,3.3,23.9,75,160.9
139.5945587,-29.9618063,0.075,4,7.5,366,0.32,11.1,23,6.5,54000,31.6605,3.3,12.1,15,31,136.1,0.5,10,2.7,105.2,0.71,13.86,4.15,66,1.8,27.2,71,126.6
139.5943503,-29.9626252,0.075,13,7.5,971,0.24,7.3,22,3.4,59000,64.68,5.1,11.2,24,12,172.3,1,12,2.9,39.4,0.74,15.57,8.62,78,2.9,23.7,31,130.9
139.5958843,-29.9626055,0.075,6,7.5,568,0.4,14.3,26,9.1,70000,66.18,1.2,15.9,19,21,139.3,1.7,12,3.3,122.4,1.01,15.89,3.44,71,2.1,21.6,88,165.5
139.5905012,-29.9592725,0.075,8,7.5,168,1.2,5.2,3.75,0.3,69000,9.8525,1.2,0.7,5,79,7.1,0.7,2,0.2,34,0.0375,2.04,1.65,28,0.4,11.5,52,13.9
139.5895703,-29.9576835,0.075,11,7.5,80,0.47,11.2,5,0.5,55000,7.0595,0.8,1.5,11,29,8.7,0.9,2,0.4,9.8,0.0375,4.08,2.1,16,0.3,6.6,59,35.8
139.6058959,-29.9409927,0.075,2,7.5,73,0.57,8.1,3.75,1.4,68000,9.558,3.3,3,7,19,14.6,0.7,1,8,7.9,0.0375,0.81,10.92,25,7.8,7.3,80,21.4
139.6082983,-29.9418303,0.3,22,7.5,153,0.64,10.5,14,1.3,44200,29.3725,2.6,16.6,13,25,74.2,3.4,13,5.3,39.8,0.72,1.64,7,101,14.4,27.4,105,121.1
139.6083697,-29.9419121,0.075,12,7.5,380,0.3,10.45,37,4.5,166000,27.9585,1.7,19.7,27,9,170.9,0.4,5.6,2.2,27,0.62,3.24,7,25,5.1,32.1,224,172.7
139.6082152,-29.9418474,0.1,7,7.5,359,1.49,48.7,32,10.6,379000,34.8255,0.4,13.2,18,62,65.2,0.3,22,2,7,0.43,2.05,7,198,3.8,29.4,96,150.4
139.6033598,-29.9437992,0.375,7,15,359,1.195,2.6,3.75,0.6,44200,63.168,0.7,8.6,16,11,107,2.5,5,7.8,23.9,0.58,17.25,9.05,4,4.9,40.9,105,43.2
139.6035149,-29.9438188,0.5,2,20,44,0.68,3.7,3.75,0.075,212000,12.8315,0.6,0.4,0.75,12,7.2,2.5,0.75,0.7,23.1,0.0375,1.04,4.76,1.5,2.5,4.2,53,9.3
139.6037526,-29.9438665,0.3,3,7.5,402,0.14,6.8,3.75,5.5,378000,90.36,0.4,25.9,1,14,65.2,1.1,11,5,7.6,1.73,40.87,3.82,11,6.1,42,347,149.7
139.6039824,-29.9437335,0.1,7,7.5,666,0.21,22,6,6.1,39000,85.785,0.4,21.5,6,10,65.2,1.2,9,6.1,19.3,1.57,60.69,10.36,9,8.3,57,230,141.1
139.6043577,-29.9435661,0.2,44,7.5,444,1.28,17.2,3.75,0.8,65000,62.028,0.9,5.6,11,5,81.7,1.3,2,1.3,19.1,0.28,16.93,10.72,19,3.7,36.1,252,44.8
139.605334,-29.9433959,0.075,2,7.5,599,0.19,2.4,3.75,3.4,29000,69.145,0.3,22.1,6,7,309.2,0.5,9,4,13.4,1.31,37.6,3.97,9,6.7,28,52,139.5
139.6020976,-29.9436684,0.075,14,7.5,585,1.47,1.9,3.75,0.3,103000,13.277,1.9,5.5,3,7,23.5,3,0.75,11.8,24.8,0.13,6.08,7.23,12,2.25,11.8,48,32.5
139.574956,-29.9484759,0.075,9,7.5,514,0.22,4.8,14,3.3,44000,23.475,3.1,6.8,7,10,66.2,1.2,6,2,59.4,0.34,10.62,10.45,56,6,17.7,73,116.6
139.5764399,-29.9475986,0.1,14,20,1083,3.23,10.45,39,3.7,18000,62.11,1.4,2.5,10.5,17,247.8,1.5,5.6,5.4,21.1,0.2,18.66,10.41,25,6.4,67.4,41,350.7
139.5756788,-29.9479242,0.1,6,7.5,675,1.14,10.45,21,1.3,13000,58.707,0.2,5.6,7,12,82.2,1.6,5.6,1.8,16.2,0.69,13.04,7.86,149,7.8,52.5,41,283.7
139.5755742,-29.9479953,0.1,5,7.5,256.5,2.5,58.6,20,8.8,12000,80.99,0.5,3.5,10.5,12,65.2,1.3,5.6,8.2,22.6,0.48,24.84,10.68,25,8.5,54.2,465,315.5
139.5765409,-29.9477802,0.075,13,7.5,256.5,1.4,32.4,42,8.3,3000,77.23,0.075,29,36,12,65.2,2.4,11,3,29.1,2.41,90.14,12.96,125,12,55,180,270.8
139.5769406,-29.9473605,0.1,18,10,1119,2.88,14.8,24,7.3,1000,93.62,0.2,7,21,26,400.2,1.4,5.6,3,21.8,0.38,25.22,21.44,25,7.8,71.5,358,413.9
139.5767142,-29.9479805,0.075,21,7.5,256.5,0.48,10.45,8,7.9,16000,90.725,0.2,37.4,10.5,2,65.2,3.6,5.6,14.4,22,3.13,65.39,15.86,25,9.7,21.55,41,297.8
139.5770492,-29.9477406,0.075,15,7.5,256.5,0.27,10.45,8,9.3,14000,105.165,0.3,7.15,10.5,3,65.2,2.1,5.6,3,22.6,0.52,65.95,8.94,101,10.7,103.4,41,300.1
139.5790906,-29.9469956,0.075,7,10,256.5,0.55,32.7,31,10.1,7000,81.685,0.075,20.5,44,13,65.2,1.5,7,3,21.9,1.81,46.51,7.45,66,7.1,41.7,262,229.1
139.5794021,-29.9469448,0.075,9,7.5,256.5,0.47,61.7,47,9.8,9000,86.315,0.1,21.6,39,17,65.2,1.5,11,3,43.4,1.61,48.97,6.85,93,14.8,46.8,458,344.9
139.5799527,-29.9468424,0.1,13,7.5,256.5,0.21,19.5,32,11.4,4000,90.02,0.075,21.3,43,11,65.2,1.6,11,15.8,23.7,1.81,46.12,4.2,87,8.8,35.1,158,240.9
139.6090124,-29.9418828,0.075,10,7.5,256.5,0.18,5.7,3.75,6,13000,87.465,1.6,40.2,10,8,65.2,0.3,13,7.3,24.1,0.52,70.4,7,14,5.1,21.55,92,256.2
139.6092336,-29.9431123,0.075,26,7.5,173,0.0375,2.5,3.75,2,18000,12.6575,6.6,2.9,4,0.75,43.2,0.7,2,0.5,15.9,0.22,3.92,11.84,29,2,22.9,21,23.4
139.6099982,-29.9432647,0.2,9,20,25,1.195,25.5,3.75,0.3,243000,53.922,0.5,1.8,3,5,11.5,0.5,0.75,0.2,2.9,0.09,3.91,24.42,2,1.2,34.3,21,17.6
139.6105513,-29.9429819,0.3,4,7.5,256.5,0.28,1.5,3.75,1.8,5000,107.51,0.4,26.7,4,17,65.2,0.3,12,4.9,33.6,1.99,35.98,15.68,17,6.7,40,15,164.4
139.6104633,-29.9433509,0.075,3,7.5,659,1.9,25.5,3.75,1.2,70000,13.9,0.075,5.7,15,0.75,87.6,0.075,7,1.8,14.1,0.66,9.83,8.09,53,4.5,10.8,112,33.3
139.6106294,-29.9433255,0.5,9,10,33,1.72,13.4,3.75,0.3,345000,9.782,0.5,2.8,4,0.75,8.7,1.1,4,0.1,3.7,0.1,0.49,2.65,33,3.1,11.1,43,19.3
139.6107704,-29.9436158,0.075,14,7.5,256.5,0.06,1,3.75,2.4,4000,89.605,0.075,20.3,5,9,384.6,0.2,10,4.9,29.7,1.78,52.81,14.59,20,4.1,74.7,13,148.8
139.6114882,-29.9434068,0.075,1.5,10,263,0.09,49.2,51,3.6,57000,23.392,0.075,4.5,40,0.75,169.6,0.075,5.6,1.1,11.8,0.18,3.24,6.92,25,1.3,28.9,201,135.5
139.6070196,-29.9428815,0.2,4,7.5,256.5,0.14,4.3,11,3.1,62000,70.942,0.075,7.15,9,11,352.6,0.9,5.6,15.4,29.2,0.52,14.49,7,109,17.7,21.55,29,114
139.60677,-29.9429509,0.3,44,7.5,758,0.69,1.9,3.75,1.4,14000,103.44,2.8,28,5,9,260.3,0.9,13,15.2,310.4,2.45,58.69,7,27,4.5,102.1,24,217.3
139.6051199,-29.9424011,0.075,6,7.5,1065,2,2.5,3.75,5.3,37000,94.665,1.3,21.4,8,31,362.4,0.3,9,8.8,25.2,1.51,35.85,7,12,9,72,22,199.4
139.6050983,-29.9424641,0.075,13,10,256.5,1.49,3,3.75,3,129000,82.165,1.7,20.1,6,23,352,0.5,8,7.3,49.2,1.62,36.38,7,13,8.9,80,24,172.1
139.6044947,-29.9426562,0.075,14,7.5,372,0.22,1.1,3.75,1.8,25000,108.93,2.6,22.7,6,24,250.5,0.3,9,4.3,32,2.72,30.73,33.4,1.5,3.1,54.6,24,119.8
139.6049481,-29.9420926,0.3,21,10,307,1.195,2.4,3.75,2.7,154000,68.775,2.5,25.8,3,19,170.7,0.5,9,3,76.7,1.52,39.23,7,13,14.2,52,28,169.3
139.6048235,-29.9406294,0.075,13,7.5,339,0.28,26.2,48,2,17000,60.377,0.6,22.8,46,0.75,102,0.3,5.6,3.9,74.2,0.75,3.26,7,25,2.4,109.6,302,199.1
139.6046697,-29.9405105,0.075,19,7.5,1039,0.49,4.8,3.75,4.2,73000,85.47,1.7,26.5,6,16,295.1,0.3,13,7.6,22,1.73,52.47,7,47,7.1,60.6,61,230.1
139.6046902,-29.9405287,0.1,57,10,1013,0.31,8.8,5,8.1,77000,91.505,2.3,32.1,10,40,352,0.7,13,7.2,17.8,2.62,65.34,7,55,11,81.2,85,300.5
139.6043145,-29.9407232,0.075,40,7.5,379,0.68,25.7,45,5,74000,62.805,1.1,26.8,23,0.75,276.7,0.4,26,3.5,24.1,1.09,3.92,26.35,189,3.9,38.2,204,207.6
139.6043454,-29.9407327,0.075,7,7.5,916,1.02,3.5,5,4.9,123000,91.66,1.7,31.1,6,8,373.5,0.4,17,9.4,24,2.48,57.08,7,65,9.2,35.2,61,241.2
139.602567,-29.9412191,0.075,25,7.5,1261,0.4,4.1,5,3.7,146000,84.69,0.4,30,6,27,420.1,0.9,14,12,14.1,1.85,44.38,7,28,8.9,21.55,40,178.4
139.603148,-29.941162,0.075,21,7.5,569,0.68,4,9,5.2,50000,73.405,1.4,20.6,5,10,285.6,0.5,9,6,24.4,1.39,43.56,7,11,2.8,58.8,49,138.5
139.6023266,-29.9413699,0.075,6,7.5,1138,0.49,2.1,3.75,3.1,7000,71.91,0.8,14.8,5,11,250.5,0.6,8,3,13.8,0.92,30.59,7,11,4.7,30.8,43,91.6
139.6019551,-29.9405177,0.075,8,7.5,256.5,0.56,4.4,6,2.8,71000,80.505,2.5,17.4,8,25,243.4,0.4,9,3,25.5,0.93,31.6,7,18,3.6,92.1,47,94.4
139.6057769,-29.9472987,0.075,5,7.5,256.5,0.0375,3.1,6,5.3,7000,84.785,0.075,13.7,6,0.75,317.2,0.4,10,4.4,15.7,1.81,45.34,10.71,10,3.7,45.8,44,95.9
139.6165792,-29.9438844,0.075,6,7.5,73,0.0375,27.9,49,2.1,18000,29.5645,0.075,17.1,37,0.75,66.5,0.2,23,1.4,18.9,0.81,3.37,3.44,25,2,16.3,311,178.3
139.6155133,-29.9437921,0.075,6,7.5,851,0.0375,18.6,47,2.1,10000,30.97,0.075,16.3,34,0.75,132.3,0.2,24,3.1,17.6,0.73,2.53,5.91,25,3.3,13.9,81,166.9
139.6145746,-29.9434934,0.075,3,7.5,417,0.0375,24.3,49,3,18000,52.624,0.2,27.5,29,0.75,152.7,0.4,5.6,1.8,30.3,1.3,3.33,12.06,25,3.1,35.2,136,181.2
139.6066663,-29.9474164,0.075,8,10,760,0.4,3.6,6,4.2,12000,108.45,1.7,20.7,9,4,385.9,0.4,10,4.5,8.5,1.54,54.56,26.16,29,3.6,46.7,68,159.6
139.6032617,-29.9419212,0.2,12,7.5,678,0.16,1.8,9,3.7,8000,72.522,1.3,7.15,0.75,12,328.5,0.3,12,13.5,9,0.52,14.49,7,27,17.4,86.5,17,114
139.6033031,-29.9419217,0.4,10,7.5,911,0.0375,2.1,12,3.7,5000,58.055,0.2,7.15,3,27,289.4,0.4,10,8.5,25.6,0.52,14.49,7,8,6.2,21.55,37,114
139.6020435,-29.9416106,0.075,14,7.5,256.5,2.31,5.7,3.75,5.7,86000,55.05,2.8,19.7,8,92,401.1,2.5,10,3,40.7,1.44,38.75,7,9,14.9,21.55,48,160.4
139.601254,-29.9417557,0.075,17,7.5,952,1.195,1.5,3.75,12.8,128000,32.424,1.3,17.8,7,40,397.2,0.3,7,3,127.1,2.13,13.3,7,1,12,25.4,14,48.1
139.6140894,-29.9426131,0.075,12,7.5,256.5,0.72,2,3.75,2.8,40000,77.89,2.6,20.8,8,31,65.2,0.3,8,12.7,33,1.88,52.23,7,11,3.6,65.1,38,154.2
139.6010601,-29.9400662,0.075,10,7.5,256.5,0.29,3,3.75,4.7,41000,50.895,1.6,13.1,6,52,291.2,0.7,8,10.2,27.4,0.89,22.63,7,9,4.4,21.55,33,90.2
139.6019658,-29.9404999,0.1,10,7.5,1213,3.32,29.7,36,8.4,107000,70.885,2.1,19.6,21,57,386.7,0.5,26,3,24.1,1.03,5.42,7,25,7.2,107.2,165,206.8
139.3567742,-30.1821455,0.7,10.4723,15,160.272,1,60,20.641,7.4281,30000,69.465,1.5,37.5,6,18,72.09914,1.819475,10.801,3,53.84172,0.52,35.0476,7,25,8.1411,47.7275,15,150.63
139.3862612,-30.2283735,0.075,15.477,15,250,0.75,3,4.655,1.77,100000,66.17,1.5,10.7834,2,8,65.2,1.03885,6.4815,8,10,0.6707,19.6131,8.5713,12,15,40.2545,15,104.007
139.3830202,-30.2194645,0.075,14.7975,15,30,0.75,2,4.71,1.77,20000,75.325,3,16.7171,1,40,250,1.16965,9.608,15,100,0.9932,19.7354,11.5223,10,15,40.1797,20,162.252
139.3437422,-30.2304595,0.075,12.265,15,311.247,2,20,22.999,1.77,70000,64.535,1.5,37.5,5,50,22.5,1.76975,6.318,3,10,0.52,38.8502,8.3217,50,2.25,46.8642,15,50
139.4069262,-30.1742655,0.375,19.151,15,250,3,6,4.2975,1.77,44200,51.971,2,4.6218,1,18,22.5,2.2005,3.9585,1,25,0.30685,13.5873,6.4008,5,15,35.0166,15,87.141
139.3606692,-30.1833485,1.5,13.9385,15,259.196,1,2,4.735,5.208,120000,60.917,2,7.15,1,200,158.87926,2.496275,9.757,1,69.928833,0.52,24.2346,7,8,11.5223,43.1454,120,150.902
139.3657602,-30.1863985,0.075,9.675,15,93.325,0.75,10.45,5.5325,5.9529,20000,80.05,1,37.5,0.75,2,100.017,1.0308,8.985,3,44.40668,0.52,34.214,7,1,9.7873,41.7466,20,167.017
139.3112592,-30.1764785,0.2,11.109,15,215.627,1.24725,10.45,6.33,2.209,44200,41.27,1.5,7.2049,20,20,85.2938,3.1963,8.3215,2,71.73915,0.4763,21.7093,7.9237,5,3.75,30.258,150,113.314
139.2894782,-30.1773605,0.1,11.3825,15,117.526,1.6963,15,4.2925,1.71815,44200,46.325,1.5,10.5471,7,15,47.8551,2.60245,7.7595,4,53.86505,0.5474,19.4544,8.7038,1,3.75,29.2575,25,117.366
139.4796952,-30.1226255,1.35,12.4605,15,212.955,0.12,9,20,4.0413,15000,26,7.5,14.5468,22,97,152.4789,1.5628,14.731,6.28,92.06125,0.6402,14.49,7,53.24,8.11,41.275,55,167.69
139.3541772,-30.2620435,0.375,13,23,188,1.27,54,34,3.2748,450000,26,7.5,10.9621,41,3.91,62.21326,4.445,5.189,3,101.3952,0.5916,7.5,6.2106,25,2.25,32.0298,13,78.901
139.3667422,-30.2184895,0.075,5.5,2,500,0.075,2,15,5.5,8500,26,1.1,34,1.5,15,350,1,3.75,7.5,94,0.52,22.5,12,15,14,14,4,60
139.3660122,-30.2193105,0.3,16,6,170,0.7,33,40,0.3,105000,26,7.5,10,4,7,35,1,3.75,7.5,22,1.5,40,7,80,2.25,21.55,3,20
139.4809322,-30.1391725,0.375,6,25.785,440,2.25,11,10,2.25,270000,88,4,20,5,2.25,41,6,5.6,7.5,160,2,10.5,4,25,8,60,13,240
139.4778862,-30.1353925,0.375,0.75,25.9715,130,2.25,3,10,2.25,5000,11,0.75,15,2,2.25,72,6,3.75,7.5,66.5,1.5,1.5,0.375,15,6,12,16,120
139.4782682,-30.1348555,0.375,6,30.101,1150,2.25,2,10,2.25,23000,175,8,7.15,4,42,370,6,3.75,7.5,52,0.52,14.49,7,15,14,21.55,5,240
139.4793992,-30.1342285,0.375,3,26.407,460,2.25,16,80,4,1000,110,3,7.15,7,2.25,65.2,5,8,10,60,0.52,74,17,50,6,50,8,114
139.4799162,-30.1329975,0.375,29,24.16475,256.5,2.25,2,10,2.25,15000,26,1.5,7.15,3,36,65.2,6,10,7.5,86,0.52,14.49,7,50,10,21.55,2,340
139.4805922,-30.1322115,0.375,18,29.7765,700,2.25,2,10,2.25,12000,26,7,45,2,4,380,6,3.75,7.5,32,0.52,60,7,15,8,21.55,3,114
139.4752842,-30.1324215,0.375,1,24.8925,260,2.25,3,10,2.25,16000,33,4,7.5,2,2.25,115,5,3.75,7.5,66.5,1.5,9,1.5,15,4,10,17,120
139.4733752,-30.1310365,0.375,3,24.669,155,2.25,11.25,10,2.25,5000,150,3,15,3,4,135,5,3.75,7.5,66.5,1.5,18.5,6.5,15,2.25,58,34,140
139.4658132,-30.1260395,0.375,11.25,21.608,290,2.25,11.25,10,2.25,15000,100,1.5,35,3,8,370,4,3.75,7.5,66,3,14.49,7,15,6,105,17,310
139.4675932,-30.1270355,0.375,11.25,22.5705,470,2.25,11.25,10,6,19000,25,3,7.15,4,6,320,5,3.75,3,22,0.52,14.49,13.5,15,14,80,11,280
139.4737732,-30.1274495,0.375,11.25,23.696,240,2.25,11.25,10,2.25,7000,37,3,15,4,2.25,125,5,3.75,10,66.5,1.5,18,5.5,20,4,27,21,160
139.4751542,-30.1273845,0.375,11.25,26.7875,270,2.25,11.25,10,2.25,18000,40,3,20,4,2.25,140,5,3.75,15,66.5,1.5,16.5,6,15,4,45,18,160
139.4814102,-30.1262305,0.375,11.25,23.7995,195,2.25,11.25,10,2.25,14000,18,3,7.5,3,4,105,5,3.75,7.5,290,1.5,3,1,20,4,6,17,120
139.4675822,-30.1243735,0.375,3,28.031,320,2.25,2,10,2.25,7000,140,6,40,1,12,65.2,4,3.75,7.5,38,3,14.49,7,3,8,46,20,420
139.4724582,-30.1211725,0.375,2,17.83,35,1.195,56,10,2.25,270000,52,1,7.5,12,2.25,2.5,5,3.75,3,26,1.5,10,8,11,2.25,110,12,80
139.4809402,-30.1257735,0.375,2,27.719,140,2.25,3,10,2.25,8000,110,0.75,7.15,2,4,135,5,3.75,7.5,280,0.52,27.5,7,7,6,68,9,140
139.4793162,-30.1294545,0.375,0.75,24.1115,420,2.25,3,10,2.25,8000,13,0.75,7.5,4,6,155,5,3.75,7.5,66.5,1.5,3,2,18,2.25,7,20,100
139.4797132,-30.1306225,0.375,5,25.4955,340,2.25,1,10,2.25,13000,43,2,10,2,8,120,5,3.75,7.5,28,1.5,14.49,30.5,16,6,19,5,370
139.4777652,-30.1344795,0.375,9,22.7475,450,2.25,9,10,2.25,15000,26,1.5,7.15,3,24,310,1.5,6,7.5,62,0.52,14.49,7,25,6,21.55,21,114
139.4766802,-30.1382295,0.375,5,21.82525,95,2.25,5,10,2.25,10000,26,0.75,40,2,6,260,1.5,3.75,7.5,70,3,14.49,21,23,2.25,56,5,114
139.4754682,-30.1380265,0.375,16,22.0875,120,2.25,11,10,2.25,60000,26,1.5,7.15,3,20,140,1.5,3.75,10,40,0.52,14.49,7,34,4,21.55,16,114
139.4744702,-30.1367785,0.375,0.75,24.9635,125,2.25,3,10,2.25,1000,28,1,15,3,2.25,82,5,3.75,7.5,66.5,1.5,6.5,1.5,19,2.25,34,18,130
139.4711882,-30.1355225,0.375,11.25,23.84475,150,2.25,2,10,2.25,10000,26,0.75,7.15,5,14,115,1.5,12,7.5,110,0.52,14.49,33,50,14,21.55,9,114
139.4735852,-30.1329065,0.375,2,23.907,160,2.25,0.75,10,2.25,18000,82,1,7.15,0.75,28,23.5,1.5,3.75,7.5,330,0.52,14.49,7,4,2.25,21.55,2,114
139.4763162,-30.1334975,0.375,5,25.59025,700,2.25,9,10,2.25,9000,26,4,30,2,8,270,1.5,3.75,7.5,115,1.5,14.49,30,30,6,56,24,114
139.4771062,-30.1381895,0.375,6,19.398,440,3.75,2,70,4,39000,150,2,35,5,8,65.2,3.75,3.75,7.5,38,0.52,14.49,7,15,6,21.55,3,220
139.4767142,-30.1366605,0.375,10,19.868,170,3.75,5,60,2.25,43000,26,1.5,7.15,4,12,250,3.75,6,7.5,120,0.52,14.49,7,15,8,21.55,6,114
139.4815352,-30.1323395,0.375,6,20.268,550,3.75,3,50,2.25,60000,160,3,30,1.5,3.75,360,3.75,6,7.5,64,3,21.5,13.5,20,4,98,6,114
139.4710982,-30.1413595,0.375,10,19.997,490,3.75,9,60,2.25,27000,26,2,7.15,4,26,150,3.75,10,7.5,66.5,0.52,14.49,7,40,2.25,21.55,35,114
139.4704092,-30.1396365,0.375,10,20.172,440,3.75,8,50,2.25,37000,26,4,7.15,4,32,130,3.75,10,7.5,66.5,0.52,14.49,7,50,2.25,21.55,36,114
139.4696742,-30.1374355,0.375,8,21.295,380,3.75,15,60,2.25,23000,26,1.5,7.15,6,20,370,3.75,18,7.5,80,0.52,14.49,7,70,2.25,21.55,52,114
139.4694412,-30.1370625,0.375,4,21.124,600,3.75,4,60,2.25,20000,115,1.5,20,3,16,270,3.75,3.75,7.5,110,1.5,14.49,7,15,2.25,60,20,114
139.4694952,-30.1356285,0.75,2.25,27.535,185,3.75,6,80,2.25,10000,72,1.5,7.15,1.5,6,84,3.75,3.75,7.5,100,0.52,90,21,15,2.25,78,14,160
139.4659982,-30.1355345,0.75,2.25,25.885,50,3.75,3,10,2.25,10000,33,1.5,7.5,7,3.75,6,3.75,3.75,7.5,10,1.5,11.5,2,15,2.25,12,11,220
139.4664772,-30.1374255,0.375,6,22.946,500,3.75,22,70,2.25,20000,26,5,7.15,3,34,320,3.75,6,10,54,0.52,14.49,7,15,4,21.55,14,114
139.4664012,-30.1336435,0.75,2.25,25.481,900,3.75,5,10,2.25,10000,23,1.5,7.5,9,6,140,3.75,3.75,7.5,38,1.5,10.5,5.5,30,2.25,24,18,150
139.4632142,-30.1329475,0.375,4,19.42,350,3.75,4,60,2.25,13000,180,1.5,30,1.5,32,410,3.75,3.75,7.5,60,2,14.49,7,15,2.25,21.55,29,114
139.4631182,-30.1324685,0.75,2.25,25.305,130,3.75,4,40,2.25,10000,26,1.5,40,1.5,3.75,270,3.75,3.75,7.5,16,0.52,14.49,22,15,4,60,14,430
139.4635182,-30.1441485,0.375,4,19.515,140,3.75,8,50,2.25,31000,145,1.5,20,4,22,27.5,3.75,6,7.5,66.5,1.5,14.49,7,90,4,105,23,240
139.4724762,-30.1429265,0.75,4,24.106,100,3.75,15,70,2.25,18000,185,1.5,7.15,3,12,46.5,3.75,3.75,7.5,48,0.52,14.49,7,15,8,21.55,4,430
139.4727592,-30.1420465,0.375,2.25,20.194,105,3.75,5,60,4,20000,50,1.5,7.15,3,6,350,3.75,6,7.5,60,0.52,14.49,7,30,4,21.55,5,114
139.4717642,-30.1419445,0.75,6,24.006,85,3.75,4,40,2.25,15000,26,1.5,7.15,3,12,170,3.75,3.75,7.5,62,0.52,14.49,7,15,2.25,92,7,430
139.4716892,-30.1414025,0.75,6,27.736,270,3.75,8,50,2.25,22000,26,7,7.15,4,14,165,3.75,14,7.5,68,0.52,14.49,7,30,8,21.55,13,114
139.4695192,-30.1421525,0.75,8,23.136,310,3.75,4,60,2.25,22000,26,3,7.15,3,40,350,3.75,8,7.5,60,0.52,14.49,7,15,4,21.55,29,114
139.4660292,-30.1402625,0.75,4,32.21,650,3.75,6,50,2.25,9000,120,1.5,30,3,18,350,3.75,10,7.5,70,2,14.49,26,15,2.25,21.55,39,114
139.4634842,-30.1396825,0.75,6,21.956,340,3.75,7,40,2.25,15000,26,3,7.15,3,22,340,3.75,6,10,58,0.52,14.49,7,15,2.25,21.55,49,420
139.4564842,-30.1405565,0.75,2.25,27.535,800,3.75,3,80,2.25,3000,23,1.5,7.5,7,6,155,3.75,3.75,7.5,46,1.5,7.5,1,15,2.25,8,10,110
139.4664152,-30.1401315,0.375,2.25,18.654,470,3.75,41,80,2.25,4000,54,3,25,10,3.75,350,3.75,5.6,7.5,110,2,6.5,6,25,16,84,135,310
139.4679772,-30.1418005,0.375,8,26.337,600,3.75,9,60,2.25,34000,26,1.5,7.15,3,36,160,3.75,10,15,96,0.52,14.49,7,30,4,21.55,31,114
139.4728352,-30.1195985,0.75,2.25,25.258,195,3.75,70,10,2.25,210000,8,4,15,5,3.75,74,3.75,6,3,12,1.5,9,15.5,15,12,62,41,100
139.4882622,-30.1186755,0.375,2.25,18.965,90,3.75,39,10,2.25,1500,19,1.5,7.5,10.5,3.75,20,3.75,5.6,7.5,210,1.5,3,0.375,25,2.25,12,7,40
139.4765052,-30.1320475,0.375,4,22.576,500,3.75,16,50,2.25,21000,26,1.5,7.15,8,20,280,3.75,22,7.5,130,0.52,14.49,7,70,2.25,21.55,52,114
139.4756762,-30.1319475,0.375,12,21.792,75,3.75,7,40,2.25,43000,26,1.5,7.15,7,24,29.5,3.75,22,7.5,66.5,0.52,14.49,32.5,60,2.25,21.55,56,114
139.4751572,-30.1299295,0.375,50,17.721,310,3.75,35,40,2.25,74000,26,1.5,7.15,14,56,65.2,3.75,24,3,12,0.52,14.49,7,90,4,21.55,270,114
139.4710132,-30.1307205,0.375,2.25,22.383,45,3.75,6,50,2.25,8000,82,1.5,20,1.5,20,21,3.75,8,15,66.5,2,34.5,7,70,2.25,68,19,330
139.4606012,-30.1327815,0.375,14,18.8865,850,1.195,8,20,2.25,44200,28,1.5,7.5,10,48,4.5,3.75,6,7.5,38,1.5,5,7,60,2.25,8,12,30
139.4582692,-30.1339275,0.375,9,16.553,90,3.75,10.45,20,2.25,44200,9,1.5,7.5,10.5,10,2,3.75,6,7.5,24,1.5,2.5,7,40,2.25,12,290,70
139.4622392,-30.1356255,0.375,9,20.471,190,3.75,11,90,2.25,44200,26,1.5,25,24,92,27.5,3.75,16,3,20,3,14.49,7,25,2.25,21.55,21,114
139.4950612,-30.1015025,0.375,2.25,20.332,60,3.75,10.45,10,2.25,115000,5,1.5,7.5,10.5,3.75,14.5,3.75,8,7.5,170,1.5,2,4.5,40,2.25,4,29,20
139.4950392,-30.1015835,0.375,2.25,19.328,280,3.75,48,10,2.25,300000,34,1.5,7.5,10.5,3.75,18.5,3.75,5.6,7.5,210,1.5,18,2,25,2.25,29,88,100
139.4843992,-30.1391765,0.2,9,6.83975,335,0.075,3.6,10,0.2,48500,65,1.5,25,3,6.5,4,5.5,15,7.5,45,3,14.49,21,25,2.25,55,21,355
139.3438492,-30.2213065,0.2,12.5,13.83,115,0.4,3.2,15,1.2,36000,26,4,24.1488,5,160,95,0.5,3.75,7.5,65,1.5,45.5,18,15,2.25,60,320,195.216
139.4999382,-30.1077025,0.1,14,6.40475,1144,0.3,61,1,4,12000,156,4.9,7.15,2,38,389,1,9,8.314,56,0.5168,66,23,5,2.25,21.55,108,114
139.3392972,-30.2430285,0.4,2.5,5.0825,810,0.1,1.6,15,1.2,18000,65,1.5,7.5,3,70,220,0.375,3.75,7.5,55,1.5,16.5,3,20,10,20,46.5,190
139.4685762,-30.0902425,0.375,0.5,5.2525,400,0.05,9,10,1.54,8000,18.7,1,4.4,7,18,45.9,0.0375,0.75,0.75,66.5,0.3,6.06,1.19,34,8,7.4,63,112
139.4622922,-30.0933175,0.375,0.9,5.726,385,0.06,6,10,1.87,7000,17.3,2,5.5,19,6,57.5,0.0375,1,1,66.5,0.5,5.96,0.74,33,2.25,9.8,65,103
139.4609702,-30.0935735,0.375,1.1,6.0695,419,0.14,7,10,8.23,3000,11.5,1,7.7,6,6,189.5,0.08,1,1,66.5,0.4,3.41,1.16,36,2,6.8,62,107
139.4602232,-30.0936005,0.375,1.4,59.687,335,8.54,9,10,4.1,182000,10.5,0.75,5.7,6,4,89.7,0.05,1,1,66.5,0.4,5.15,0.85,40,4,6.3,62,104
139.3092202,-30.1807055,0.375,1,2.7845,727,0.12,4,7.5,1.83,14000,172.5,1,7.15,7,3,341,0.13,6,9,39.8,0.52,89,19.25,6,2.25,21.55,4,114
139.3105892,-30.1850895,0.375,0.5,2.85075,430,0.01,3,7.5,0.47,20000,181.5,1,7.15,6,1.5,133.5,0.05,8,12,9.2,0.52,82.4,22.1,13,12,21.55,2,114
139.3073262,-30.1827835,0.375,0.2,2.72475,390,0.02,7,7.5,3.84,28000,149.5,1,7.15,10,5,429,0.07,7,16,15.6,0.52,87.5,13.35,10,11,21.55,4,114
139.4483092,-30.1700185,0.375,0.4,5.06,371,0.1,1,10,1.72,7000,14,1,11.8,2,10,137.5,0.0375,2,3,66.5,0.7,5.94,1.64,19,2,7.9,13,109
139.3378892,-30.2279345,1,9,22.64575,126.5,0.96,10.45,10,0.66,44200,26,4,19.6,58,66,16.9,6.49,1,7,50.5,0.3,16.7,7,25,2.25,21.55,98,15
139.3629742,-30.2226835,1.1,4.5,29.82,118,0.22,2,10,0.69,43000,12.3,1,1.8,1,3,17.8,0.81,0.75,1,24.7,0.075,4.38,7,14,2.25,32.8,4,20
139.3637942,-30.2233795,0.375,13.2,3.57775,104,0.41,4,10,1.35,109000,117.5,1,9.9,3,9,70.5,0.78,2,3,27.1,0.7,48.2,17.5,33,11,85.3,10,98
139.6493922,-30.0016735,0.75,2.25,17.9,256.5,3.75,3,1.5,7.5,12000,30,2.25,35,4,30,260,3,6.2425,3,34,1.0257,52,10,5,6.596,17,30,290
139.6545762,-30.0000755,0.75,6,22.675,256.5,3.75,2,4,7.5,75000,90,6,46,5,35,340,3,7.2805,15,62,1.0853,46,22,5,8.3387,50,15,280
139.5271552,-30.0718245,0.65,17.6075,30,134.265,0.54,14,7.5,2.6813,44200,3.75,7.5,7.2436,7.5,37.5,52.81907,1.504325,4.1235,1.98,63.35589,0.4694,7.5,7.83,25.4535,10.8,42.1321,6,48.793
139.5164652,-30.0652095,0.375,16.945,15,186.953,1.195,5,7.5,2.6714,44200,32,7.5,8.1386,7.5,37.5,93.4704,3.5696,13.0135,1.93,71.5086,0.5864,14,19.3,28.1055,1.06,41.1938,315,147.357
139.5080872,-30.0773855,0.44,19,20,140.247,8.07,3.75,7.5,3.0873,44200,8,7.5,2.70155,7.5,37.5,54.55088,3.1912,4.2785,0.375,88.4467,0.192575,7.5,1.91,39.3285,1.44,11.6581,79,37.001
139.5027862,-30.0849045,0.375,13.219,30,200.955,3.36,52,20,3.89705,234000,34,7.5,12.8841,41,18,109.0431,4.677,13.6085,3,93.8188,0.6156,14.49,7,53.39,3.56,35.6945,41,144.024
139.5020632,-30.0847155,0.375,13.271,30,266.234,0.17,10.45,12,4.0178,231000,80,1.5,13.5775,36,128,170.46985,1.0343,11.341,7.03,88.72135,0.6142,14.49,7,70.324,5.31,33.959,41,150.427
139.5830222,-30.0388735,0.54,12.7915,15,188.538,1.195,10.45,19,1.2459,44200,3.75,1.5,2.1825,10.5,111,48.1607,4.5073,2.974,0.77,76.4196,0.123325,7.5,7,55.341,2.3,19.1999,85,36.23
139.5811742,-30.0903605,0.075,2,0.75,340,0.2,2.7,20,2.5,34500,40.5,0.8,44,3,4,340,0.375,6,3,12,0.52,72,12.5,15,12,28,13,114
139.6222302,-30.0261465,0.375,8,26.0635,950,2.25,0.75,10,2.25,12000,26,0.75,45,2,26,260,5,6,7.5,72,0.52,14.49,11.5,8,8,74,21,240
139.6220252,-30.0274525,0.375,6,26.352,390,2.25,14,90,2.25,13000,44,0.75,30,10,2.25,140,6,5.6,7.5,125,3,13.5,4.5,25,8,86,45,350
139.5973832,-30.0336525,0.375,3,29.521,1000,2.25,56,10,2.25,44200,130,8,10,16,2.25,200,5,14,7.5,84,1.5,4.5,5.5,46,12,38,140,120
139.5667752,-30.0980545,0.375,9,24.21975,800,2.25,12,40,2.25,66000,98,1.5,20,17,4,96,1.5,3.75,7.5,60,1.5,26,7,70,2.25,80,62,190
139.6506342,-30.0240645,0.375,2.76,2.5,168,0.732475,3.75,10,0.5,4000,117,1.55325,40,4,3.8,105.9,0.8,12.6,9.3295,14,0.52,76.1,23.2,25,7.75,21.55,7,348.2
139.6032932,-30.0280815,0.375,4.09,2.5,1107,0.7018,2.35,10,1.11,8000,53,1.81775,21.9,5,30.1,290.9,0.1,5.6,6.98,56.1,1.03,48.1,4.9,18,4.66,62.1,18,261.7
139.6591902,-29.9969735,0.66275,1.5,24.913,256.5,3,55,20,7.4208,240000,80,2.689,44,3.75,18.381,355,3,6.6935,7.817,25,0.7378,46,10.4648,15,7.678,36,6,114
139.6530992,-29.9996825,0.76965,10.9323,22.351,492,1.79775,30.1695,15,7.7427,66365.5,155,2.203,42,17,31.116675,232,3.366,10.4445,9.3075,70,1.0611,14.49,7,66.275,7.5884,102,18,343
139.6537582,-29.9991785,0.7733,9.8245,25.72,432,1.69885,26.545,33,7.5281,77966,26,2.6,7.15,44,39.481342,278,3.9505,12.692,7.487,86,0.5319,14.49,7,55.465,5.5635,21.55,11,114
139.6717812,-29.9759725,0.5264,6,15,190.823,3,16.403,19.7525,2.5826,8000,61.125,2.879,10.2563,16.775,14,117.6282,3,9.2145,3,64.2861,0.5535,23.5544,8.877,43.847,15,42.3043,115,114
139.6728542,-29.9618645,0.61965,4,40,183.098,3,14.368,26.505,3.5519,28000,60.27,2.9195,11.6736,18.495,16,111.2412,4,10.8145,4,67.4805,0.6822,23.3336,9.4516,47.993,7.5,45.19,90,280
139.6550662,-29.9735735,0.5074,8,15,181.178,3,12.236,15.2925,2.5373,55000,57.5,2.465,13.3563,11.89,4,104.3499,3,8.8235,3,67.8111,0.5653,26.1499,7.4321,38.9755,7.5,43.6284,55,175
139.6697582,-29.9783145,0.62365,9,40,191.553,3,15.202,21.5975,3.4118,55000,60.6475,2.6085,14.1192,19.5775,3,114.3524,3,10.3665,4,69.3731,0.5761,28.3983,9.3736,45.393,7.5,42.996,115,155
139.6583322,-29.9709535,0.52365,9,15,184.67,3,13.1605,16.8545,2.7914,12000,53.415,2.938,12.4501,10.3475,6,111.6665,3,8.3845,3,63.3285,0.5913,24.4353,8.1484,38.9555,15,45.7499,65,220
139.6796212,-29.9567795,0.55445,26,15,187.041,3,14.216,20.737,2.4489,6000,54.62,2.6645,10.6523,12.96,8,100.7985,3,10.5075,3,62.31741,0.6448,25.0134,8.3229,45.21,2.25,44.5712,85,285
139.5541632,-29.8981345,0.4827,11.25,23.9345,190,2.25,11.25,15,4,238162,26,4,7.15,8.295,42.366,65.2,7,3.75,7.5,30,0.52,14.49,7,15,2.25,21.55,52.64,190
139.7011082,-29.9985695,0.3947,7.994,18.055,65,2.7932,10.3306,15,2.4024,113923,2,1.5,7.5,8.2675,20.310933,13,2.7382,4.858,7.5,66.5,1.5,3.5,2.5,21.676,2.25,3,45.255,25
139.7025742,-29.9905865,0.763,11.4796,20.378,448,1.733075,10.45,14.629,8.5531,8000,107,2.366,36.7,3,27.9491,315.6482,3.1331,8.1,8.5685,36.0533,1.7903,61.9244,23.4814,19,7.2256,108.5755,53,398.3526
139.6857562,-29.9869725,0.73675,6.359,24.701,159,1.76765,10.45,3,8.6104,1000,116,2.1495,7.15,2,16.5,217.4,3.055,4.7,8.6855,43.1,0.5057,14.49,34.4,13,7.3734,108.7,8,312.5
139.6852502,-29.9860655,0.69525,6.1608,23.351,136,1.2412,10.45,25,7.1812,3000,26,1.89825,7.15,8,25.5,65.2,3.1784,2.8,6.8825,19.9,0.5133,14.49,7,5,5.8734,21.55,8,235.6
139.6984472,-29.9676985,0.6785,6.9823,18.8,203,1.4183,10.45,16,7.3281,4000,182,1.889,38.7,5,27.8,339.5,2.9237,5,7.9775,21.1,1.3877,14.49,7,7,7.6266,72.8,14,320.5
139.7128142,-29.9786675,0.7115,12.3975,23.58,829,1.530825,10.45,14,6.1852,1000,170,2.7735,38.7,4,35.6,175.8,3.7101,9.9,7.8595,328.1,1.317,14.49,7,22,6.0746,21.55,9,114
139.4168552,-30.1561155,0.6215,6.7531,25.217,623,1.1488,60.6,18,6.7728,4000,13,1.68775,6.6,10,6.6,102.306,1.994425,2.3,4.3008,19.4,0.4364,6.2,2.5,24.5,4.2695,11.2,23,87.1
139.4568842,-30.1498865,0.68775,5.9015,20.573,146,1.136525,33.4,8,7.1489,10000,12,2.174,12.3,10,17.3,77.061,2.217175,5.6,6.316,66.5,1.1842,2.1,1.3,18.8,3.7329,12.4,19,120.9
139.4725322,-30.1227085,0.6553,6.0512,35.805,899,2.35105,10.45,19,7.2135,7000,15,1.68825,5.7,9,4.7,103.8,3.0826,1.9,3.8679,19.5,0.4362,9.9,0.2,20.2,4.1069,11.9,10,137
139.4936432,-30.1006925,0.70065,9.8995,25.325,31,2.33105,10.45,10,6.6622,12000,9.421,2.54525,1.1,10.5,0.3,14.946,3.3041,7.3,1.7593,147.566,0.23215,0.5,3.5228,46.7,2.2542,3.8,51,12.6
139.4894592,-30.0809645,0.63225,7.0461,17.333,92,1.297925,57,4,6.7405,7000,3,1.74775,25.6,5,18.9,231.452,2.9464,5.1,5.819,26.029,1.3917,4.8,4,5.2,6.0209,23.3,12,45.4
139.4788162,-30.1359585,0.64175,7.1083,18.20975,574,1.000175,10.45,2,7.3854,19000,26,1.562,7.15,5,11.3,397.755,1.57435,8,8.6635,46.941,0.515,14.49,7,7.2,5.9475,21.55,25,114
139.4421832,-30.1624335,0.6285,11.646,30.151,1080,1.31205,61.8,5,7.5354,34000,112,2.61,41.8,8,14.1,360.609,3.86,14.7,7.483,95.567,1.6439,50.2,17.6,20,8.4983,53.8,16,114
139.4713312,-30.1416725,0.66075,7.7528,25.355,19,1.92465,45.4,4,7.1093,8000,118,1.79925,40.9,7,13.6,5.7,3.0669,1.6,8.1095,26,1.266,14.49,7,11.7,8.1013,101.2,9,257.1
139.4668672,-30.1285925,0.61735,12.9655,24.035,450,1.415175,37.4,15.79,6.2602,5000,27,2.3905,6.9,11,15.8,184.201,3.5587,3.7,5.1553,316.739,0.462,11.7,3.9,19,4.108,14.3,33,112.7
139.4854142,-30.1255055,0.62425,10.8815,23.364,494,1.28475,59.4,10,7.5854,32000,37,2.53975,15.2,10.5,7.1,93.791,3.7464,5.6,7.0835,134.93,1.43,2,2.3,25,7.1665,54.3,107,172.8
139.3608402,-30.2316885,0.4138,10.0475,17.0695,75,2.1308,11.7607,15,2.3553,125970.5,26,1.5,22.0659,7.645,19.527282,24,3.6444,4.6115,7.5,110,1.5,80,7,23.607,2.25,12,44.91,159.181
139.3420862,-30.2230075,0.40015,7.614,18.0735,490,1.778175,10.6136,15,2.6403,118076,18,1.5,8.2436,7.7775,22.151991,110,3.3434,3.6805,7.5,100,0.52,10,6,20.834,2.25,22,48.5925,69.06
139.4213832,-30.1837275,0.41575,8.791,17.1125,40,2.626075,11.1246,15,2.3995,144681.5,11,1.5,7.8783,8.885,18.688433,22,2.66665,4.519,7.5,25,1.5,4,22.5,27.686,2.25,15,51.58,29.08
139.3576362,-30.2294375,0.4573,10.0205,17.3835,480,1.903325,11.6491,15,2.6651,111194.5,26,1.5,20.5377,7.355,24.137973,100,3.08115,5.1005,7.5,35,0.52,85,15.5,22.834,2.25,21.55,48.94,128.097
139.3532382,-30.2308435,0.43325,8.453,23.6005,65,2.243675,11.0652,15,2.3553,104957.5,26,1.5,11.4694,6.695,20.542733,15.5,2.94605,4.8835,7.5,25,1.5,14.49,17.5,22.664,2.25,21.55,40.89,168.732
139.4161772,-30.1689485,0.35835,11.25,21.553,256.5,2.25,11.25,20,2.25,90901,80,4,7.5,8.97,20.3335,105,1.5,3.75,7.5,38,1.5,6.5,11.5,40,2.25,52,53.2675,60
139.4162372,-30.1690845,0.35785,11.25,22.595,250,2.25,20,30,2.25,104224.5,60,5,10,16.12,20.141,82,1.5,6,7.5,28,1.5,9,7,100,2.25,34,77.9575,130
139.4146222,-30.1707345,0.46475,9,18.772,850,4,11.25,15,2.25,87056.5,19,1.5,7.5,9.5025,16.9255,52,1.5,3.75,7.5,190,1.5,8.5,7,40,2.25,43,47.2925,50
139.4099912,-30.1700645,0.57105,11.25,24.532,290,2.25,11.25,15,2.25,231630,30,2,7.5,8.75,94.037,105,8,3.75,7.5,66.5,1.5,1,3,15,2.25,34,41.22,110
139.4096372,-30.1701145,0.42475,11.25,23.3705,195,2.25,11.25,15,2.25,82582.5,26,1.5,7.15,5.64,32.426991,370,3,6,7.5,84,0.52,14.49,7,15,12,21.55,34.505,390
139.4088312,-30.1705285,0.3794,11.25,23.9305,150,2.25,11.25,15,2.25,96989.5,26,4,7.15,5.97,25.4285,62,5,3.75,7.5,72,0.52,14.49,7,15,4,21.55,34.29,114
139.4074402,-30.1711615,0.394,11.25,26.2795,700,2.25,11.25,15,2.25,87411.5,21,1.5,10,5.3225,20.1045,82,4,3.75,7.5,66.5,1.5,21.5,11.5,15,2.25,17,48.13,130
139.4059182,-30.1714955,0.42065,11.25,19.335,256.5,1.195,11.25,15,2.25,108400,155,9,10,8.2625,26.575991,11,6,3.75,7.5,66.5,1.5,22.5,17.5,15,2.25,21,61.0975,90
139.4051872,-30.1717935,0.4091,11.25,19.147,256.5,6,11.25,15,2.25,121806.5,30,1.5,25,7.7325,36.777991,220,4,3.75,7.5,240,3,4,2.5,15,8,5,43.355,15
139.4047582,-30.1706965,0.498,11.25,24.1975,1050,2.25,11.25,15,2.25,87356,16,1.5,10,5.6675,20.257,150,2,3.75,7.5,105,1.5,4.5,3.5,15,2.25,8,44.11,60
139.4063892,-30.1699945,0.3768,11.25,22.708,256.5,8,11.25,20,2.25,111811,110,1.5,20,9.7925,31.493533,49.5,1.5,3.75,10,24,1.5,25.5,19.5,40,2.25,14,48.47,100
139.4062942,-30.1694605,0.4049,11.25,16.179,256.5,1.195,50,15,2.25,122831,41,3,7.5,13.945,27.6475,340,6,12,7.5,74,1.5,13,18.5,30,2.25,16,74.13,90
139.4088722,-30.1679585,0.50185,11.25,22.349,380,2.25,11.25,15,2.25,83292.5,46,1.5,7.5,6.51,20.1335,130,2,3.75,7.5,195,1.5,23.5,3,15,8,41,45.535,90
139.4102852,-30.1660085,0.4055,11.25,23.225,250,2.25,11.25,15,2.25,99282.5,66,1.5,15,5.6225,15.703942,90,3,3.75,7.5,320,1.5,32.5,10.5,15,2.25,70,46.73,160
139.4119142,-30.1641065,0.46075,11.25,24.5645,700,2.25,11.25,15,2.25,90973.5,14,1.5,7.5,5.685,19.97,100,2,3.75,7.5,66.5,1.5,9.5,3,15,2.25,29,46.685,70
139.4139802,-30.1647985,0.3706,11.25,24.616,100,2.25,30,60,2.25,100242,39,1.5,25,11.1075,18.002473,15.5,5,5.6,10,120,1.5,12,3,25,2.25,76,79.015,280
139.4138142,-30.1648145,0.37675,11.25,22.7675,240,2.25,11.25,15,2.25,85184,13,1.5,7.5,6.7925,17.132442,34.5,4,3.75,7.5,66.5,1.5,2.5,0.5,15,2.25,4,46.235,110
139.4235282,-30.1455245,0.3889,11.25,23.0145,430,2.25,11.25,15,2.25,97240.5,9,1.5,7.5,6.0375,15.878,90,3,3.75,7.5,66.5,1.5,3.5,2,15,2.25,7,51.37,70
139.4236882,-30.1439385,0.54925,11.25,24.1315,210,2.25,11.25,15,2.25,82632.5,26,4,7.15,6.0825,23.606591,135,2,3.75,7.5,190,0.52,14.49,7,15,2.25,82,36.46,420
139.4262242,-30.1437525,0.389,11.25,23.6705,230,2.25,11.25,15,2.25,97407,14,1.5,7.5,6.56,21.668642,94,4,3.75,7.5,300,1.5,19.5,12,15,2.25,18,42.54,100
139.4283072,-30.1426675,0.474,11.25,22.20125,80,2.25,11.25,15,2.25,91344.5,22,1.5,20,5.2175,15.539,80,2,3.75,7.5,66.5,1.5,10.5,6,15,2.25,32,35.205,100
139.4296862,-30.1408245,0.4925,11.25,24.5575,250,2.25,11.25,15,2.25,100353.5,12,1.5,7.5,5.4475,20.085142,210,2,3.75,7.5,78,1.5,9,12,15,2.25,30,44.21,30
139.4289962,-30.1391565,0.46925,11.25,21.4915,280,2.25,11.25,15,2.25,84575.5,27,1.5,15,5.0775,20.642442,270,2,3.75,7.5,72,1.5,21,14,15,2.25,70,43.42,60
139.4256062,-30.1356335,0.45325,11.25,23.183,100,2.25,11.25,15,2.25,94688,4,1.5,45,5.9975,24.907491,310,2,8,7.5,60,0.52,4,1.5,15,8,10,39.135,15
139.4262422,-30.1380315,0.50825,11.25,26.22,900,2.25,11.25,15,4,111845,120,1.5,7.5,6.3225,28.053,65.2,2,3.75,7.5,130,1.5,19.5,4,15,2.25,13,47.95,20
139.4256432,-30.1398205,0.455,11.25,22.7225,220,2.25,11.25,60,2.25,107324.5,14,1.5,35,6.7025,24.997191,200,2,8,7.5,100,3,8.5,10,15,4,14,45.61,40
139.4231472,-30.1440485,0.3835,11.25,23.759,125,2.25,11.25,15,2.25,84289,42,1.5,7.5,5.0125,13.423942,70,4,3.75,7.5,66.5,1.5,19.5,5,15,2.25,48,36.62,140
139.4154692,-30.1587175,0.38525,11.25,23.0935,220,2.25,11.25,15,2.25,82136.5,26,1.5,7.15,5.02,29.717442,220,3,6,7.5,76,0.52,14.49,7,15,2.25,21.55,37.17,114
139.4150912,-30.1582885,0.4662,11.25,25.3115,260,2.25,11.25,15,2.25,228231.5,26,1.5,7.15,6.915,42.715942,180,7,6,7.5,100,0.52,14.49,7,15,2.25,21.55,38.25,114
139.4141032,-30.1570945,0.51265,11.25,24.9155,200,2.25,11.25,15,2.25,89341,26,1.5,25,4.9925,30.323366,185,2,6,15,68,0.52,14.49,7,15,2.25,21.55,36.5,114
139.4148832,-30.1563735,0.40575,11.25,24.3065,100,2.25,11.25,15,2.25,109226,32,1.5,30,5.7,20.411633,100,3,3.75,7.5,300,2,35,7,15,2.25,17,39.65,150
139.4148512,-30.1551465,0.42225,11.25,25.0035,550,2.25,11.25,15,2.25,74692,26,3,20,8.1475,20.255991,250,4,3.75,7.5,145,3,14.49,28,15,2.25,66,50.41,270
139.4149912,-30.1535235,0.469,11.25,22.1735,195,2.25,11.25,15,2.25,91788.5,17,1.5,7.5,5.6375,17.086942,44,2,3.75,7.5,66.5,1.5,17.5,4,15,2.25,7,37.71,100
139.4150982,-30.1533535,0.4044,11.25,24.483,750,2.25,11.25,15,2.25,81366,7,1.5,7.5,6.7225,22.9875,290,3,3.75,7.5,190,1.5,7.5,5.5,15,2.25,18,51.49,70
139.4162772,-30.1516805,0.42255,11.25,21.661,430,4,11.25,15,2.25,107016,100,1.5,7.5,5.7725,30.917991,76,3,3.75,15,76,1.5,26,5,15,2.25,13,50.35,50
139.4169072,-30.1505875,0.55225,11.25,28.3775,1050,2.25,11.25,15,2.25,94426,9,1.5,7.5,7.4925,29.339,260,2,3.75,7.5,210,3,5,4.5,15,12,19,51.01,30
139.4183072,-30.1500085,0.394,11.25,23.2645,120,2.25,11.25,15,2.25,85597,22,1.5,10,5.76,17.8065,96,5,3.75,7.5,66.5,1.5,9.5,3.5,15,2.25,13,38.71,200
139.4186102,-30.1512215,0.4125,11.25,23.6515,130,2.25,11.25,15,2.25,92169,19,1.5,20,5.4975,12.659442,100,3,3.75,7.5,280,1.5,11,6.5,15,2.25,58,40.535,150
139.4195842,-30.1519555,0.4153,11.25,25.8325,200,2.25,11.25,15,2.25,89087,26,7,7.15,6.245,27.704,86,4,6,7.5,100,0.52,14.49,7,15,2.25,21.55,34.815,114
139.4158872,-30.1630895,0.3745,11.25,22.6155,390,2.25,11.25,15,2.25,82182.5,36,1.5,15,5.505,18.8622,145,3,3.75,7.5,66.5,1.5,31,4,20,2.25,7,49.39,280
139.4105152,-30.1600565,0.5295,11.25,25.0825,480,2.25,11.25,15,2.25,98583,14,1.5,7.5,6.245,24.049,300,2,3.75,7.5,150,1.5,11,6,15,2.25,11,42.62,15
139.4102752,-30.1588265,0.43835,11.25,21.77175,230,2.25,11.25,15,2.25,83689.5,14,1.5,7.5,6.5375,16.015991,74,0.75,3.75,7.5,135,1.5,3.5,6.5,15,2.25,31,40.25,30
139.4082342,-30.1573125,0.4225,11.25,23.073,550,2.25,11.25,15,2.25,95909,10,1.5,7.5,6.6625,25.194991,240,0.75,3.75,7.5,86,1.5,2,2.5,15,2.25,6,51.66,15
139.4108152,-30.1595185,0.4775,11.25,21.7795,360,2.25,11.25,15,2.25,86740.5,20,1.5,10,5.695,17.9735,130,2,3.75,7.5,66.5,1.5,5,6,15,2.25,11,44.345,90
139.4151522,-30.1629455,0.4019,11.25,22.5095,220,2.25,11.25,15,2.25,86237.5,24,1.5,7.5,5.4925,18.064942,72,3,3.75,7.5,66.5,1.5,8,3.5,15,2.25,11,41.9,180
139.4064472,-30.1709155,0.42825,11.25,15.667,256.5,1.195,11.25,15,2.25,100562,130,1.5,7.5,9.9525,18.733433,5,4,3.75,10,100,1.5,15.5,26,40,2.25,24,50.83,60
139.4293602,-30.1620335,0.49565,11.25,21.6265,320,2.25,11.25,15,2.25,86639,25,3,7.5,6.32,20.570442,82,2,3.75,7.5,18,1.5,7,1,20,2.25,15,44.86,150
139.4455192,-30.1757695,0.54445,11.25,30.209,950,2.25,20,15,12,91001.5,125,1.5,7.15,15.2275,30.945884,65.2,2,5.6,3,14,0.52,66,6.5,130,8,25,94.43,114
139.3010512,-30.1465855,0.41475,12.3595,18.41,30,2.906475,17.6215,75,2.6547,164333.5,9,3,15,18.2,20.3817,1.5,3.5415,12.3905,7.5,245,1.5,9,3,63.568,6,29,81.0475,160
139.3559292,-30.2629665,0.67065,13.514,23.8965,629,1.13955,10.45,5.9175,6.0925,50000,156,1.99975,7.15,4,18.4942,65.2,1.8698,5.5,8.964,33.0402,0.5187,89.1462,24.8321,5,6.0066,21.55,16,114
139.4950302,-30.1243355,0.63545,7.5481,25.725,772,1.11005,26,4.69,7.4427,9000,152,1.9835,7.15,2,14.2,200.4,1.9046,7.7,8.2715,88.8,0.5409,64.5,20.5,3.2,4.8984,21.55,36,114
139.4929822,-30.1225075,0.58765,13.1133,32.085,573,1.817675,47.5,7.865,6.1352,157000,81,1.7115,7.15,8,18.6,311.9,3.2444,8.1,9.445,20.3,0.5389,82.3,9.5,2.6,6.3032,21.55,9,114
139.4788162,-30.1359595,0.5155,6.7885,10.1645,574,1.001375,10.45,3.6025,5.4372,19000,26,1.70925,7.15,5,11.3,429.8,1.50215,8,9.3305,46.7,0.515,14.49,7,7.2,5.994,21.55,25,114
139.5007692,-30.1079755,0.654,6.2437,22.588,309,1.125725,10.45,2,6.0279,11000,93,1.70325,7.15,3,7,106.21,1.73915,2.1,8.94,38.572,0.5111,81.6,18.4,2.3,6.0499,21.55,10,114
139.5285232,-30.1088925,0.6565,11.9573,24.076,875,1.3824,21.8,53,7.6104,33000,59,2.4525,26.2,27,33.5,287.65,3.2775,14.7,7.703,26.424,1.825,36.9,5.9,76.4,6.8773,55.5,42,277.9
139.5358682,-30.0641255,0.6302,7.1835,25.925,78,1.96975,10.45,10,5.9184,10000,12.6065,2.09375,0.9,0.5,2.4,7.999,3.33575,5.6,1.85255,109.961,0.254475,4.3978,3.9856,40.9,2.2401,2.6,76,9.8
139.5433122,-30.0922145,0.738,10.8513,21.426,827,1.481475,41.4,6,6.9301,5000,158,2.81825,34,9,20.5,276.187,3.7094,11,8.2915,74.965,1.959,14.49,21.6,15.2,7.6872,101.7,40,421.8
139.6638362,-30.0067905,0.78765,13.1027,22.683,1152,1.87925,30.049,17.647,9.0177,88953.5,89,2.43625,43,12,30.39741,217,3.2408,10.604,9.5385,46,0.7463,46,16,39.161,7.2678,110,53,114
139.6458792,-30.0115115,0.7956,10.0006,24.001,64,1.76655,30.2955,15,7.5854,190580,26,2.10075,45,10,19.567233,96,3.5149,6.7155,8.7195,14,0.9871,70,17,22.695,7.736,47,2,378
139.5540232,-30.0972735,0.36585,11.25,24.673,440,2.25,30,70,4,103754.5,35,1.5,25,11.81,13.436191,120,4,5.6,7.5,160,1.5,9.5,3,25,2.25,54,102.105,300
139.5513532,-30.0982285,0.49435,11.25,22.66775,370,2.25,30,50,2.25,100749,38,1.5,25,11.5825,13.800691,100,2,5.6,7.5,160,2,11.5,4,25,2.25,54,94.815,340
139.5439472,-30.1065015,0.46935,11.25,21.4105,330,2.25,11.25,20,4,90139.5,26,1.5,7.15,11.2625,29.025384,65.2,2,5.6,3,28,0.52,14.49,7,70,2.25,21.55,47.1575,114
139.5390782,-30.1044985,0.38535,11.25,25.141,490,2.25,40,90,2.25,79889,32,1.5,20,14.175,32.6182,100,3,5.6,7.5,145,1.5,21,2.5,25,6,48,95.985,300
139.5513522,-30.1004475,0.46845,11.25,23.44275,200,2.25,30,60,2.25,74737,37,2,25,11,13.769191,130,2,5.6,7.5,140,1.5,17,4,25,2.25,52,75.375,330
139.6966532,-30.0015485,0.398,10.2701,16.493,75,1.896425,11.7997,15,2.2948,109126.5,65,1.5,7.15,6.7275,30.508942,105,3.416,4.85,7.5,66.5,0.52,60,7,19.479,6,70,33.7475,114
139.6960722,-30.0023825,0.42655,8.0933,17.376,175,2.58355,10.1576,15,2.3665,117812.5,6,1.5,7.5,7.7875,21.982933,8.5,2.6817,4.2785,7.5,66.5,1.5,4,15.5,23.725,2.25,7,46.895,30
139.5924952,-30.0653975,0.47425,13.3004,20.19,550,2.20665,18.3981,15,3.5469,97443,115,3,35,15.36,44.075437,335,3.1357,9.06,10,25,0.52,80,34.5,27.714,4,95,64.76,114
139.5958262,-30.0697735,0.46765,10.9146,16.842,385,1.992425,18.7266,15,2.8384,102785,95,1.5,40,8.035,34.027628,290,3.1338,6.5015,15,40,0.52,14.49,7,22.409,8,95,61.4,310
139.5929732,-30.0683265,0.6759,5,35.725,673,1.297725,6,10,7.5604,5000,97.535,1.90125,7.15,6,9,180,2.9975,6,6.577,54,0.5165,65,30,26,6.6306,98,27,114
139.5938882,-30.0688955,0.71455,37,27.076,744,1.2659,6,10,7.9697,32000,95.535,2.84075,43,7,34,251,3.3739,6,8.4095,39,1.0621,69,7,12,7.9708,92,32,249
139.5793562,-30.0557105,0.73915,6,31.026,345,1.50795,8,10,6.5467,15000,73.17,1.371,7.15,53,3,323,3.6416,7,6.28,7,0.4669,14.49,27,7,6.4816,21.55,17,229
139.5883772,-30.0559065,0.694,6,22.425,151,1.552825,2,10,6.1821,1000,56.995,1.511,7.15,8,20.650942,148,3.1741,6,6.883,13,0.5082,91,7,19,6.8452,21.55,21,337
139.5961792,-30.0719705,0.72525,5,18.525,314,1.468375,3,10,7.4708,2000,127.66,1.80325,45,6,29,304,3.10165,5,7.227,25,1.2634,14.49,7,13,7.5234,104,29,331
139.5911822,-30.0460385,0.72375,5,30.351,766,1.680325,2,10,7.6104,96000,97.105,1.79575,43,3,22,369,3.00795,5,7.541,25,1.4595,58,16,12,8.1245,94,18,416
139.5198702,-30.0800835,0.62625,9.4746,19.128,164,1.135475,10.45,2,6.8374,10000,5,2.32975,3,1,35,241,1.907925,1,2.704,41,0.210825,9,3,5,6.4228,45,28.75,52
139.5014472,-30.1117765,0.537,8.8403,27.965,801,1.19955,48.5,6.5125,6.4863,10000,148,2.18725,41.6,1,19.6,206.2,3.375,6.1,8.607,76.89,1.5183,62.8,20.8,3.2,6.0043,21.55,45,114
139.5400462,-30.0982265,0.68675,7.7488,21.032,148,1.42545,67.1,16.59,7.4458,10000,101,1.887,32.2,5,9,88.2,3.2157,7.6,8.785,56.4,1.7905,14.49,14.9,22.5,8.4172,97.1,7,321.2
139.6675302,-29.9665825,0.7008,9,80,720.799,1.195,10.45,22.915,4.8845,44200,81.455,1.5,27.0856,32,210,177.9388,6,14.1595,3,96.57009,0.52,60,32,76.424,10,50,135,214.399
139.6793452,-29.9581015,0.3845,9,15,207.559,3,28,18.6155,2.7114,40000,59.19,3,26.7244,16,10,81.6374,3,9.008,6,64.0039,0.52,42,8,53.15,10,36,28,121.709
139.6722962,-29.9773515,0.3715,3,20,165.627,3,8,5.055,2.0599,44200,74.75,3,29.6355,8,8,84.3673,6,8.669,3,84.3369,0.52,55,7,12.5435,2.25,40,24,141.294
139.6700792,-29.9786465,0.4634,2,15,172.916,3,12,19.98,2.9378,44200,58.735,3,25.9432,16,14,85.6648,3,9.921,3,78.0733,0.52,65,16,59.207,2.25,21.55,70,145.903
139.6692802,-29.9784855,0.3985,9,15,218.169,3,36,14.848,2.7869,44200,47.33,4,10.5618,32,14,85.26683,4,5.8105,3,74.5426,0.52,8,20,116.36,15,75,40,69.311
139.6740472,-29.9739605,0.40375,9,15,251.041,3,32,6.5525,3.1135,32000,97.96,4,16.7805,4,10,126.5334,3,8.6545,3,71.9169,0.52,14.49,32,11.119,10,85,4,218.353
139.6733412,-29.9742975,0.37375,9,15,261.462,3,3,7.1225,2.3971,55000,96.82,3,10.23025,3,30,135.6045,4,8.759,3,97.8558,0.52,14.49,30,9.9845,2.25,21.55,2,133.705
139.6786502,-29.9589385,0.5604,9,80,639.238,1.195,4,10.5225,2.7008,220000,73.84,1.5,28.789,4,18,176.494,3,10.759,14,64.8152,0.52,55,10,27.035,10,34,70,139.928
139.6734912,-29.9741705,0.34575,55,15,183.44,3,8,12.77,4.6408,95000,36.72,3,8.82845,4,14,102.2332,4,8.225,3,78.3804,0.52,14.49,7,18.086,15,21.55,14,148.733
139.6586232,-29.9779595,0.51615,9,15,147.933,3,8,13.1525,2.4272,530000,32.46,1.5,6.97765,4,20,83.2847,1.5,5.5445,3,67.7745,0.52,14.49,7,28.5695,2.25,21.55,36,107.204
139.6529972,-29.9679675,0.41715,2,15,130.71,3,3,5.005,2.4314,10000,89.285,3,30.6478,4,6,140.1115,4,8.8645,4,70.4858,0.52,50,4,10.02,7.5,60,10,186.062
139.6754822,-29.9756035,0.58155,8,20,480.002,3,8,21.75,3.962,44200,30.12,1.5,10.76685,20,75,175.7079,8,11.8945,3,105.8748,0.52,14.49,7,51.374,2.25,21.55,26,157.668
139.6742832,-29.9599235,0.51815,9,40,214.169,3,12,22.6525,4.6219,450000,68.19,1.5,27.3749,20,38,108.2965,6,9.7425,3,85.1202,0.52,75,7,68.78,10,55,26,204.453
139.6565682,-29.9728905,0.49625,42,15,165.363,3,4,14.416,2.8235,650000,41.285,3,9.37505,4,32,120.9528,1.5,10.5065,6,82.136,0.52,14.49,14,31.8925,15,12,60,127.435
139.6726952,-29.9747025,0.309,14,15,202.013,3,8,6.9875,2.3135,28000,56.535,1.5,12.24965,8,4,99.9778,3,8.7625,3,71.76391,0.52,28,3,10.531,7.5,8,8,112.511
139.6881232,-29.9688615,0.64045,9,15,513.708,3,16,19.0675,3.158,12000,83.66,3,28.8961,3,130,169.913382,8,10.4105,3,108.253,0.52,60,20,20.4,2.25,26,75,173
139.6691502,-29.9785465,0.47105,12,15,201.821,3,13.489,17.56,2.4396,48000,52.015,2.64425,12.0618,13.245,6,117.687,6,9.5435,3,62.0352,0.5569,27.6879,9.1207,44.123,15,44.6808,80,140
139.6689262,-29.9786255,0.5413,9,15,183.488,3,13.265,17.997,2.7714,6000,57.155,2.973,12.5792,11.2625,6,111.809,3,8.924,3,64.4255,0.5578,24.5478,8.3195,44.907,15,45.208,75,200
139.6796302,-29.9578115,0.423,14,15,196.81,3,12.5555,11.9545,1.9432,10000,56.635,2.297,9.2923,10.73,4,112.2422,3,5.3825,3,61.18842,0.5601,24.0606,7.4309,37.1015,7.5,39.6756,65,85
139.6539122,-29.9737755,0.2849,10,15,186.582,3,11.7285,15.541,2.5099,6000,49.04,3.1135,10.4678,12.7225,40,108.891,1.5,9.199,3,77.359533,0.5511,18.4833,7.8918,43.0165,7.5,34.254,30,114
139.6700002,-29.9782095,0.43115,9,15,225.709,3,14.6395,19.4905,3.3197,44200,49.45,2.653,13.9526,22.8975,12,109.5836,6,10.0875,6,66.4065,0.6157,27.8965,9.53,45.728,7.5,40.6262,170,120
139.6784852,-29.9571865,0.53705,9,15,185.01,3,14.05,20.002,2.7729,14000,52.45,2.8585,11.2404,12.9575,6,111.1728,3,9.5505,4,63.1155,0.6668,25.7893,8.0487,43.136,10,46.9184,85,300
139.6782332,-29.9592125,0.6004,9,40,206.353,3,14.818,26.8525,3.7673,40000,56.57,2.9185,16.0062,20.58,4,124.1319,6,10,3,68.0884,0.6313,28.5323,9.9249,45.943,15,45.5965,90,225
139.6553492,-29.9703695,0.5069,8,15,170.366,3,12.204,19.2515,2.2624,12000,70.96,2.822,10.0334,8.9325,6,86.8533,3,4.24,3,55.0287,0.6145,22.5737,7.0955,29.9495,10,41.1225,8,4
139.6739672,-29.9913005,0.73715,8.8085,22.128,215,1.700975,28.612,19,7.5604,91370,158,2.27175,46,16,22.946184,65.2,3.12675,8.3175,8.314,29,0.8182,14.49,7,68.439,6.707,21.55,18,338
139.6796142,-29.9924425,0.68475,11.7105,22.604,427,1.760425,29.745,6,7.6104,78219.5,132,2.07475,42,14,30.820937,398,3.0749,13.0845,9.0215,41,0.8784,65,23,63.839,7.0023,21.55,83,114
139.6488812,-30.0102765,0.75,13.0786,25.827,129,1.85205,29.5065,20,7.8427,210169.5,101,2.638,43,10,19.797675,156,3.8894,7.5675,10.0055,47,0.8426,69,18,25.503,7.9542,98,3,308
